20080,1031101,2026-09-09 12:05:01.95465+00
20082,1031103,2026-09-09 12:05:01.95465+00
20085,1031106,2026-09-09 12:49:29.544873+00
20086,1031107,2026-09-09 12:49:29.544873+00
20087,1031108,2026-09-09 12:49:29.544873+00
20088,1031109,2026-09-09 12:49:29.544873+00
20090,1031111,2026-09-09 12:49:33.454388+00
20091,1031112,2026-09-09 12:49:33.454388+00
20092,1031113,2026-09-09 12:49:33.454388+00
20093,1031114,2026-09-09 12:49:33.454388+00
20095,1031116,2026-09-09 12:49:36.942182+00
20096,1031117,2026-09-09 12:49:36.942182+00
20097,1031118,2026-09-09 12:49:36.942182+00
20098,1031119,2026-09-09 12:49:36.942182+00
20099,1031120,2026-09-09 12:49:39.802848+00
20100,1031121,2026-09-09 12:49:39.802848+00
20101,1031122,2026-09-09 12:49:39.802848+00
20102,1031123,2026-09-09 12:49:39.802848+00
20103,1031124,2026-09-09 12:49:42.470885+00
20104,1031125,2026-09-09 12:49:42.470885+00
20105,1031126,2026-09-09 12:49:42.470885+00
20106,1031127,2026-09-09 12:49:42.470885+00
20107,1031128,2026-09-09 12:49:45.097176+00
20108,1031129,2026-09-09 12:49:45.097176+00
20111,1031132,2026-09-09 12:49:45.097176+00
20112,1031133,2026-09-09 12:49:45.097176+00
20113,1031134,2026-09-09 12:49:47.72759+00
20114,1031135,2026-09-09 12:49:47.72759+00
20116,1031137,2026-09-09 12:49:47.72759+00
20119,1031140,2026-09-09 12:49:47.72759+00
20120,1031141,2026-09-09 12:49:50.354636+00
20121,1031142,2026-09-09 12:49:50.354636+00
20122,1031143,2026-09-09 12:49:50.354636+00
20123,1031144,2026-09-09 12:49:50.354636+00
20124,1031145,2026-09-09 12:49:52.604899+00
20125,1031146,2026-09-09 12:49:52.604899+00
20127,1031148,2026-09-09 12:49:52.604899+00
20131,1031152,2026-09-09 12:49:52.604899+00
20132,1031153,2026-09-09 12:49:55.023545+00
20134,1031155,2026-09-09 12:49:55.023545+00
20135,1031156,2026-09-09 12:49:55.023545+00
20136,1031157,2026-09-09 12:49:55.023545+00
20137,1031158,2026-09-09 12:49:57.385557+00
20138,1031159,2026-09-09 12:49:57.385557+00
20139,1031160,2026-09-09 12:49:57.385557+00
20142,1031163,2026-09-09 12:49:57.385557+00
20143,1031164,2026-09-09 12:50:00.48428+00
20144,1031165,2026-09-09 12:50:00.48428+00
20145,1031166,2026-09-09 12:50:00.48428+00
20146,1031167,2026-09-09 12:50:00.48428+00
20148,1031169,2026-09-09 12:50:03.138786+00
20149,1031170,2026-09-09 12:50:03.138786+00
20151,1031173,2026-09-09 12:50:03.138786+00
20152,1031174,2026-09-09 12:50:03.138786+00
20153,1031176,2026-09-09 12:50:05.516761+00
20154,1031177,2026-09-09 12:50:05.516761+00
20155,1031178,2026-09-09 12:50:05.516761+00
20158,1031181,2026-09-09 12:50:05.516761+00
20159,1031182,2026-09-09 12:50:07.983575+00
20160,1031183,2026-09-09 12:50:07.983575+00
20161,1031184,2026-09-09 12:50:07.983575+00
20162,1031185,2026-09-09 12:50:07.983575+00
20163,1031186,2026-09-09 12:50:10.476057+00
20165,1031188,2026-09-09 12:50:10.476057+00
20166,1031189,2026-09-09 12:50:10.476057+00
20167,1031190,2026-09-09 12:50:10.476057+00
20168,1031191,2026-09-09 12:50:13.991459+00
20169,1031192,2026-09-09 12:50:13.991459+00
20171,1031194,2026-09-09 12:50:13.991459+00
20174,1031197,2026-09-09 12:50:13.991459+00
20175,1031198,2026-09-09 12:50:16.339097+00
20176,1031199,2026-09-09 12:50:16.339097+00
20177,1031200,2026-09-09 12:50:16.339097+00
20179,1031202,2026-09-09 12:50:16.339097+00
20181,1031204,2026-09-09 12:50:18.605477+00
20182,1031205,2026-09-09 12:50:18.605477+00
20183,1031206,2026-09-09 12:50:18.605477+00
20184,1031207,2026-09-09 12:50:18.605477+00
20185,1031208,2026-09-09 12:50:20.980596+00
20188,1031211,2026-09-09 12:50:20.980596+00
20190,1031213,2026-09-09 12:50:20.980596+00
20192,1031215,2026-09-09 12:50:20.980596+00
20193,1031216,2026-09-09 12:50:23.239361+00
20194,1031217,2026-09-09 12:50:23.239361+00
20195,1031218,2026-09-09 12:50:23.239361+00
20197,1031220,2026-09-09 12:50:23.239361+00
20199,1031222,2026-09-09 12:50:25.456014+00
20201,1031224,2026-09-09 12:50:25.456014+00
20208,1031231,2026-09-09 12:50:25.456014+00
20210,1031233,2026-09-09 12:50:25.456014+00
20211,1031234,2026-09-09 12:50:27.709506+00
20213,1031236,2026-09-09 12:50:27.709506+00
20214,1031237,2026-09-09 12:50:27.709506+00
20215,1031238,2026-09-09 12:50:27.709506+00
20216,1031239,2026-09-09 12:50:32.76642+00
20220,1031243,2026-09-09 12:50:32.76642+00
20222,1031245,2026-09-09 12:50:32.76642+00
20223,1031246,2026-09-09 12:50:32.76642+00
20224,1031247,2026-09-09 12:50:39.347971+00
20225,1031248,2026-09-09 12:50:39.347971+00
20227,1031250,2026-09-09 12:50:39.347971+00
20228,1031251,2026-09-09 12:50:39.347971+00
20229,1031252,2026-09-09 12:50:45.98512+00
20231,1031254,2026-09-09 12:50:45.98512+00
20232,1031255,2026-09-09 12:50:45.98512+00
20233,1031256,2026-09-09 12:50:45.98512+00
20235,1031280,2026-09-09 12:50:52.251183+00
20236,1031290,2026-09-09 12:50:52.251183+00
20237,1031291,2026-09-09 12:50:52.251183+00
20239,1031293,2026-09-09 12:50:52.251183+00
20241,1031295,2026-09-09 12:50:58.637387+00
20244,1031298,2026-09-09 12:50:58.637387+00
20246,1031300,2026-09-09 12:50:58.637387+00
20247,1031301,2026-09-09 12:50:58.637387+00
20249,1031303,2026-09-09 12:51:05.971366+00
20250,1031304,2026-09-09 12:51:05.971366+00
20251,1031305,2026-09-09 12:51:05.971366+00
20252,1031306,2026-09-09 12:51:05.971366+00
20253,1031307,2026-09-09 12:51:13.345782+00
20255,1031309,2026-09-09 12:51:13.345782+00
20257,1031311,2026-09-09 12:51:13.345782+00
20258,1031312,2026-09-09 12:51:13.345782+00
20259,1031313,2026-09-09 12:51:20.598485+00
20261,1031315,2026-09-09 12:51:20.598485+00
20262,1031316,2026-09-09 12:51:20.598485+00
20265,1031319,2026-09-09 12:51:20.598485+00
20266,1031320,2026-09-09 12:51:26.881088+00
20267,1031321,2026-09-09 12:51:26.881088+00
20269,1031323,2026-09-09 12:51:26.881088+00
20271,1031325,2026-09-09 12:51:26.881088+00
20272,1031326,2026-09-09 12:51:37.973988+00
20274,1031328,2026-09-09 12:51:37.973988+00
20275,1031329,2026-09-09 12:51:37.973988+00
20276,1031330,2026-09-09 12:51:37.973988+00
20277,1031331,2026-09-09 12:51:44.739965+00
20278,1031332,2026-09-09 12:51:44.739965+00
20279,1031333,2026-09-09 12:51:44.739965+00
20280,1031334,2026-09-09 12:51:44.739965+00
20281,1031335,2026-09-09 12:51:51.008955+00
20283,1031337,2026-09-09 12:51:51.008955+00
20284,1031338,2026-09-09 12:51:51.008955+00
20286,1031340,2026-09-09 12:51:51.008955+00
20287,1031341,2026-09-09 12:51:56.942744+00
20288,1031342,2026-09-09 12:51:56.942744+00
20289,1031343,2026-09-09 12:51:56.942744+00
20290,1031344,2026-09-09 12:51:56.942744+00
20291,1031345,2026-09-09 12:52:03.419288+00
20292,1031346,2026-09-09 12:52:03.419288+00
20293,1031347,2026-09-09 12:52:03.419288+00
20296,1031350,2026-09-09 12:52:03.419288+00
20297,1031351,2026-09-09 12:52:09.750607+00
20299,1031353,2026-09-09 12:52:09.750607+00
20302,1031356,2026-09-09 12:52:09.750607+00
20303,1031357,2026-09-09 12:52:09.750607+00
20304,1031358,2026-09-09 12:52:16.461452+00
20305,1031359,2026-09-09 12:52:16.461452+00
20306,1031360,2026-09-09 12:52:16.461452+00
20307,1031361,2026-09-09 12:52:16.461452+00
20308,1031362,2026-09-09 12:52:22.935006+00
20309,1031363,2026-09-09 12:52:22.935006+00
20312,1031366,2026-09-09 12:52:22.935006+00
20313,1031367,2026-09-09 12:52:22.935006+00
20314,1031368,2026-09-09 12:52:29.249661+00
20318,1031372,2026-09-09 12:52:29.249661+00
20319,1031373,2026-09-09 12:52:29.249661+00
20321,1031375,2026-09-09 12:52:29.249661+00
20330,1031384,2026-09-09 12:52:35.347696+00
20333,1031387,2026-09-09 12:52:35.347696+00
20334,1031388,2026-09-09 12:52:35.347696+00
20335,1031389,2026-09-09 12:52:35.347696+00
20336,1031390,2026-09-09 12:52:41.103966+00
20337,1031391,2026-09-09 12:52:41.103966+00
20339,1031393,2026-09-09 12:52:41.103966+00
20346,1031400,2026-09-09 12:52:41.103966+00
20347,1031401,2026-09-09 12:52:46.893755+00
20350,1031404,2026-09-09 12:52:46.893755+00
20352,1031406,2026-09-09 12:52:46.893755+00
20355,1031409,2026-09-09 12:52:46.893755+00
20359,1031413,2026-09-09 12:52:52.781222+00
20364,1031418,2026-09-09 12:52:52.781222+00
20368,1031422,2026-09-09 12:52:52.781222+00
20369,1031423,2026-09-09 12:52:52.781222+00
20371,1031425,2026-09-09 12:52:58.667834+00
20373,1031427,2026-09-09 12:52:58.667834+00
20374,1031428,2026-09-09 12:52:58.667834+00
20377,1031431,2026-09-09 12:52:58.667834+00
20379,1031433,2026-09-09 12:53:04.702938+00
20381,1031435,2026-09-09 12:53:04.702938+00
20383,1031437,2026-09-09 12:53:04.702938+00
20385,1031439,2026-09-09 12:53:04.702938+00
20386,1031440,2026-09-09 12:53:10.256666+00
20388,1031442,2026-09-09 12:53:10.256666+00
20389,1031443,2026-09-09 12:53:10.256666+00
20395,1031449,2026-09-09 12:53:10.256666+00
20396,1031450,2026-09-09 12:53:16.001761+00
20411,1031465,2026-09-09 12:53:16.001761+00
20417,1031471,2026-09-09 12:53:16.001761+00
20430,1031484,2026-09-09 12:53:16.001761+00
20442,1031496,2026-09-09 12:53:21.92018+00
20443,1031497,2026-09-09 12:53:21.92018+00
20447,1031501,2026-09-09 12:53:21.92018+00
20450,1031504,2026-09-09 12:53:21.92018+00
20451,1031505,2026-09-09 12:53:27.715134+00
20454,1031508,2026-09-09 12:53:27.715134+00
20460,1040005,2026-09-09 12:53:27.715134+00
20462,1040007,2026-09-09 12:53:27.715134+00
20479,1040024,2026-09-09 12:53:33.371093+00
20485,1040030,2026-09-09 12:53:33.371093+00
20497,1040042,2026-09-09 12:53:33.371093+00
20500,1040045,2026-09-09 12:53:33.371093+00
20504,1040049,2026-09-09 12:53:38.977558+00
20511,1080002,2026-09-09 12:53:38.977558+00
20512,1080003,2026-09-09 12:53:38.977558+00
20513,1080004,2026-09-09 12:53:38.977558+00
20514,1080005,2026-09-09 12:53:44.668077+00
20515,1080006,2026-09-09 12:53:44.668077+00
20516,1080007,2026-09-09 12:53:44.668077+00
20517,1080008,2026-09-09 12:53:44.668077+00
20518,1080009,2026-09-09 12:53:50.669614+00
20519,1080010,2026-09-09 12:53:50.669614+00
20520,1080011,2026-09-09 12:53:50.669614+00
20522,1080013,2026-09-09 12:53:50.669614+00
20524,1080015,2026-09-09 12:53:56.714637+00
24646,1530179,2026-09-09 12:00:27.682675+00
24649,1530182,2026-09-09 12:05:01.95465+00
24650,1530183,2026-09-09 12:05:01.95465+00
24652,1530185,2026-09-09 12:05:01.95465+00
24654,1530187,2026-09-09 12:49:29.544873+00
24655,1530188,2026-09-09 12:49:29.544873+00
24656,1530189,2026-09-09 12:49:29.544873+00
24658,1530191,2026-09-09 12:49:29.544873+00
24662,1530195,2026-09-09 12:49:33.454388+00
24663,1530196,2026-09-09 12:49:33.454388+00
24664,1530197,2026-09-09 12:49:33.454388+00
24665,1530198,2026-09-09 12:49:33.454388+00
24666,1530199,2026-09-09 12:49:36.942182+00
24667,1530200,2026-09-09 12:49:36.942182+00
24668,1530201,2026-09-09 12:49:36.942182+00
24669,1530202,2026-09-09 12:49:36.942182+00
24670,1530203,2026-09-09 12:49:39.802848+00
24671,1530204,2026-09-09 12:49:39.802848+00
24672,1530205,2026-09-09 12:49:39.802848+00
24673,1530206,2026-09-09 12:49:39.802848+00
24674,1530207,2026-09-09 12:49:42.470885+00
24675,1530208,2026-09-09 12:49:42.470885+00
24676,1530209,2026-09-09 12:49:42.470885+00
24679,1530212,2026-09-09 12:49:42.470885+00
24680,1530213,2026-09-09 12:49:45.097176+00
24683,1530216,2026-09-09 12:49:45.097176+00
24684,1530217,2026-09-09 12:49:45.097176+00
24685,1530218,2026-09-09 12:49:45.097176+00
24687,1530220,2026-09-09 12:49:47.72759+00
24688,1530221,2026-09-09 12:49:47.72759+00
24689,1530222,2026-09-09 12:49:47.72759+00
24691,1530224,2026-09-09 12:49:47.72759+00
24692,1530225,2026-09-09 12:49:50.354636+00
24694,1530227,2026-09-09 12:49:50.354636+00
24695,1530228,2026-09-09 12:49:50.354636+00
24696,1530229,2026-09-09 12:49:50.354636+00
24697,1530230,2026-09-09 12:49:52.604899+00
24698,1530231,2026-09-09 12:49:52.604899+00
24699,1530232,2026-09-09 12:49:52.604899+00
24700,1530233,2026-09-09 12:49:52.604899+00
24702,1530235,2026-09-09 12:49:55.023545+00
24703,1530236,2026-09-09 12:49:55.023545+00
24704,1530237,2026-09-09 12:49:55.023545+00
24705,1530238,2026-09-09 12:49:55.023545+00
24706,1530239,2026-09-09 12:49:57.385557+00
24707,1530240,2026-09-09 12:49:57.385557+00
24708,1530241,2026-09-09 12:49:57.385557+00
24709,1530242,2026-09-09 12:49:57.385557+00
24710,1530243,2026-09-09 12:50:00.48428+00
24711,1530245,2026-09-09 12:50:00.48428+00
24712,1530246,2026-09-09 12:50:00.48428+00
24714,1530248,2026-09-09 12:50:00.48428+00
24715,1530249,2026-09-09 12:50:03.138786+00
24716,1530250,2026-09-09 12:50:03.138786+00
24717,1530251,2026-09-09 12:50:03.138786+00
24721,1530255,2026-09-09 12:50:03.138786+00
24724,1530258,2026-09-09 12:50:05.516761+00
24725,1530259,2026-09-09 12:50:05.516761+00
24726,1530260,2026-09-09 12:50:05.516761+00
24727,1530261,2026-09-09 12:50:05.516761+00
24729,1530263,2026-09-09 12:50:07.983575+00
24730,1530264,2026-09-09 12:50:07.983575+00
24731,1530265,2026-09-09 12:50:07.983575+00
24732,1530266,2026-09-09 12:50:07.983575+00
24733,1530267,2026-09-09 12:50:10.476057+00
24735,1530269,2026-09-09 12:50:10.476057+00
24736,1530270,2026-09-09 12:50:10.476057+00
24737,1530271,2026-09-09 12:50:10.476057+00
24739,1530273,2026-09-09 12:50:13.991459+00
24740,1530274,2026-09-09 12:50:13.991459+00
24741,1530275,2026-09-09 12:50:13.991459+00
24744,1530278,2026-09-09 12:50:13.991459+00
24745,1530279,2026-09-09 12:50:16.339097+00
24746,1530280,2026-09-09 12:50:16.339097+00
24748,1530282,2026-09-09 12:50:16.339097+00
24749,1530283,2026-09-09 12:50:16.339097+00
24753,1530287,2026-09-09 12:50:18.605477+00
24754,1530288,2026-09-09 12:50:18.605477+00
24757,1530291,2026-09-09 12:50:18.605477+00
24758,1530292,2026-09-09 12:50:18.605477+00
24759,1530293,2026-09-09 12:50:20.980596+00
24762,1530296,2026-09-09 12:50:20.980596+00
24763,1530297,2026-09-09 12:50:20.980596+00
24764,1530298,2026-09-09 12:50:20.980596+00
24765,1530299,2026-09-09 12:50:23.239361+00
24766,1530300,2026-09-09 12:50:23.239361+00
24768,1530302,2026-09-09 12:50:23.239361+00
24770,1530304,2026-09-09 12:50:23.239361+00
24771,1530305,2026-09-09 12:50:25.456014+00
24773,1530307,2026-09-09 12:50:25.456014+00
24774,1530308,2026-09-09 12:50:25.456014+00
24775,1530309,2026-09-09 12:50:25.456014+00
24776,1530311,2026-09-09 12:50:27.709506+00
24779,1530314,2026-09-09 12:50:27.709506+00
24782,1530366,2026-09-09 12:50:27.709506+00
24787,1530371,2026-09-09 12:50:27.709506+00
24789,1530373,2026-09-09 12:50:32.76642+00
24791,1530375,2026-09-09 12:50:32.76642+00
24796,1530380,2026-09-09 12:50:32.76642+00
24797,1530381,2026-09-09 12:50:32.76642+00
24798,1530382,2026-09-09 12:50:39.347971+00
24799,1530383,2026-09-09 12:50:39.347971+00
24800,1530384,2026-09-09 12:50:39.347971+00
24801,1530385,2026-09-09 12:50:39.347971+00
24803,1530387,2026-09-09 12:50:45.98512+00
24809,1530393,2026-09-09 12:50:45.98512+00
24810,1530394,2026-09-09 12:50:45.98512+00
24811,1530395,2026-09-09 12:50:45.98512+00
24812,1530396,2026-09-09 12:50:52.251183+00
24814,1530398,2026-09-09 12:50:52.251183+00
24815,1530399,2026-09-09 12:50:52.251183+00
24816,1530400,2026-09-09 12:50:52.251183+00
24818,1530402,2026-09-09 12:50:58.637387+00
24819,1530403,2026-09-09 12:50:58.637387+00
24820,1530404,2026-09-09 12:50:58.637387+00
24822,1530406,2026-09-09 12:50:58.637387+00
24823,1530407,2026-09-09 12:51:05.971366+00
24824,1530408,2026-09-09 12:51:05.971366+00
24825,1530409,2026-09-09 12:51:05.971366+00
24827,1530411,2026-09-09 12:51:05.971366+00
24828,1530412,2026-09-09 12:51:13.345782+00
24834,1530418,2026-09-09 12:51:13.345782+00
24837,1530421,2026-09-09 12:51:13.345782+00
24849,1530433,2026-09-09 12:51:13.345782+00
24851,1530435,2026-09-09 12:51:20.598485+00
24853,1530437,2026-09-09 12:51:20.598485+00
24858,1530442,2026-09-09 12:51:20.598485+00
24859,1530443,2026-09-09 12:51:20.598485+00
24869,1530453,2026-09-09 12:51:26.881088+00
24871,1530455,2026-09-09 12:51:26.881088+00
24872,1530456,2026-09-09 12:51:26.881088+00
24874,1530458,2026-09-09 12:51:26.881088+00
24877,1530461,2026-09-09 12:51:37.973988+00
24878,1530462,2026-09-09 12:51:37.973988+00
24881,1530465,2026-09-09 12:51:37.973988+00
24882,1530466,2026-09-09 12:51:37.973988+00
24884,1530468,2026-09-09 12:51:44.739965+00
24890,1530474,2026-09-09 12:51:44.739965+00
24891,1530475,2026-09-09 12:51:44.739965+00
24892,1530476,2026-09-09 12:51:44.739965+00
24897,1530481,2026-09-09 12:51:51.008955+00
24900,1530484,2026-09-09 12:51:51.008955+00
24903,1530487,2026-09-09 12:51:51.008955+00
24904,1530488,2026-09-09 12:51:51.008955+00
24906,1530490,2026-09-09 12:51:56.942744+00
24908,1530492,2026-09-09 12:51:56.942744+00
24912,1530496,2026-09-09 12:51:56.942744+00
24917,1530501,2026-09-09 12:51:56.942744+00
24918,1530502,2026-09-09 12:52:03.419288+00
24919,1530503,2026-09-09 12:52:03.419288+00
24920,1530504,2026-09-09 12:52:03.419288+00
24922,1530506,2026-09-09 12:52:03.419288+00
24923,1530507,2026-09-09 12:52:09.750607+00
24958,1580003,2026-09-09 12:52:09.750607+00
24959,1580004,2026-09-09 12:52:09.750607+00
25413,1630394,2026-09-09 12:49:29.544873+00
25487,1630468,2026-09-09 12:00:27.682675+00
25488,1630469,2026-09-09 12:00:27.682675+00
25490,1630471,2026-09-09 12:00:27.682675+00
25491,1630472,2026-09-09 12:05:01.95465+00
25494,1630475,2026-09-09 12:05:01.95465+00
25495,1630476,2026-09-09 12:49:29.544873+00
25496,1630477,2026-09-09 12:49:29.544873+00
25497,1630478,2026-09-09 12:49:29.544873+00
25498,1630479,2026-09-09 12:49:33.454388+00
25499,1630480,2026-09-09 12:49:33.454388+00
25500,1630481,2026-09-09 12:49:33.454388+00
25501,1630482,2026-09-09 12:49:33.454388+00
25502,1630483,2026-09-09 12:49:36.942182+00
25503,1630484,2026-09-09 12:49:36.942182+00
25504,1630485,2026-09-09 12:49:36.942182+00
25505,1630486,2026-09-09 12:49:36.942182+00
25508,1630489,2026-09-09 12:49:39.802848+00
25509,1630490,2026-09-09 12:49:39.802848+00
25510,1630491,2026-09-09 12:49:39.802848+00
25511,1630492,2026-09-09 12:49:39.802848+00
25513,1630494,2026-09-09 12:49:42.470885+00
25514,1630495,2026-09-09 12:49:42.470885+00
25515,1630496,2026-09-09 12:49:42.470885+00
25516,1630497,2026-09-09 12:49:42.470885+00
25517,1630498,2026-09-09 12:49:45.097176+00
25518,1630499,2026-09-09 12:49:45.097176+00
25519,1630500,2026-09-09 12:49:45.097176+00
25520,1630501,2026-09-09 12:49:45.097176+00
25521,1630502,2026-09-09 12:49:47.72759+00
25522,1630503,2026-09-09 12:49:47.72759+00
25523,1630504,2026-09-09 12:49:47.72759+00
25524,1630505,2026-09-09 12:49:47.72759+00
25526,1630507,2026-09-09 12:49:50.354636+00
25527,1630508,2026-09-09 12:49:50.354636+00
25528,1630509,2026-09-09 12:49:50.354636+00
25529,1630510,2026-09-09 12:49:50.354636+00
25531,1630512,2026-09-09 12:49:52.604899+00
25532,1630513,2026-09-09 12:49:52.604899+00
25533,1630514,2026-09-09 12:49:52.604899+00
25535,1630516,2026-09-09 12:49:52.604899+00
25537,1630518,2026-09-09 12:49:55.023545+00
25538,1630519,2026-09-09 12:49:55.023545+00
25539,1630520,2026-09-09 12:49:55.023545+00
25540,1630521,2026-09-09 12:49:55.023545+00
25541,1630522,2026-09-09 12:49:57.385557+00
25542,1630523,2026-09-09 12:49:57.385557+00
25543,1630524,2026-09-09 12:49:57.385557+00
25544,1630525,2026-09-09 12:49:57.385557+00
25546,1630527,2026-09-09 12:50:00.48428+00
25549,1630530,2026-09-09 12:50:00.48428+00
25550,1630531,2026-09-09 12:50:00.48428+00
25551,1630532,2026-09-09 12:50:00.48428+00
25552,1630533,2026-09-09 12:50:03.138786+00
25553,1630534,2026-09-09 12:50:03.138786+00
25554,1630535,2026-09-09 12:50:03.138786+00
25555,1630536,2026-09-09 12:50:03.138786+00
25556,1630537,2026-09-09 12:50:05.516761+00
25557,1630538,2026-09-09 12:50:05.516761+00
25558,1630539,2026-09-09 12:50:05.516761+00
25559,1630540,2026-09-09 12:50:05.516761+00
25560,1630541,2026-09-09 12:50:07.983575+00
25561,1630542,2026-09-09 12:50:07.983575+00
25562,1630543,2026-09-09 12:50:07.983575+00
25563,1630544,2026-09-09 12:50:07.983575+00
25564,1630545,2026-09-09 12:50:10.476057+00
25565,1630546,2026-09-09 12:50:10.476057+00
25568,1630549,2026-09-09 12:50:10.476057+00
25569,1630550,2026-09-09 12:50:10.476057+00
25570,1630551,2026-09-09 12:50:13.991459+00
25571,1630552,2026-09-09 12:50:13.991459+00
25572,1630553,2026-09-09 12:50:13.991459+00
25573,1630554,2026-09-09 12:50:13.991459+00
25574,1630555,2026-09-09 12:50:16.339097+00
25575,1630556,2026-09-09 12:50:16.339097+00
25576,1630557,2026-09-09 12:50:16.339097+00
25578,1630559,2026-09-09 12:50:16.339097+00
25579,1630560,2026-09-09 12:50:18.605477+00
25580,1630561,2026-09-09 12:50:18.605477+00
25581,1630562,2026-09-09 12:50:18.605477+00
25582,1630563,2026-09-09 12:50:18.605477+00
25583,1630564,2026-09-09 12:50:20.980596+00
25584,1630565,2026-09-09 12:50:20.980596+00
25585,1630566,2026-09-09 12:50:20.980596+00
25586,1630567,2026-09-09 12:50:20.980596+00
25587,1630568,2026-09-09 12:50:23.239361+00
25588,1630569,2026-09-09 12:50:23.239361+00
25589,1630570,2026-09-09 12:50:23.239361+00
25590,1630571,2026-09-09 12:50:23.239361+00
25591,1630572,2026-09-09 12:50:25.456014+00
25592,1630573,2026-09-09 12:50:25.456014+00
25593,1630574,2026-09-09 12:50:25.456014+00
25594,1630575,2026-09-09 12:50:25.456014+00
25596,1630577,2026-09-09 12:50:27.709506+00
25597,1630578,2026-09-09 12:50:27.709506+00
25598,1630579,2026-09-09 12:50:27.709506+00
25599,1630580,2026-09-09 12:50:27.709506+00
25600,1630581,2026-09-09 12:50:32.76642+00
25601,1630582,2026-09-09 12:50:32.76642+00
25602,1630583,2026-09-09 12:50:32.76642+00
25603,1630584,2026-09-09 12:50:32.76642+00
25604,1630585,2026-09-09 12:50:39.347971+00
25605,1630586,2026-09-09 12:50:39.347971+00
25607,1630588,2026-09-09 12:50:39.347971+00
25608,1630589,2026-09-09 12:50:39.347971+00
25609,1630590,2026-09-09 12:50:45.98512+00
25610,1630591,2026-09-09 12:50:45.98512+00
25611,1630592,2026-09-09 12:50:45.98512+00
25612,1630593,2026-09-09 12:50:45.98512+00
25613,1630594,2026-09-09 12:50:52.251183+00
25614,1630595,2026-09-09 12:50:52.251183+00
25615,1630596,2026-09-09 12:50:52.251183+00
25616,1630597,2026-09-09 12:50:52.251183+00
25617,1630598,2026-09-09 12:50:58.637387+00
25618,1630599,2026-09-09 12:50:58.637387+00
25619,1630600,2026-09-09 12:50:58.637387+00
25620,1630601,2026-09-09 12:50:58.637387+00
25621,1630602,2026-09-09 12:51:05.971366+00
25622,1630603,2026-09-09 12:51:05.971366+00
25623,1630604,2026-09-09 12:51:05.971366+00
25624,1630605,2026-09-09 12:51:05.971366+00
25625,1630606,2026-09-09 12:51:13.345782+00
25626,1630607,2026-09-09 12:51:13.345782+00
25627,1630608,2026-09-09 12:51:13.345782+00
25629,1630610,2026-09-09 12:51:13.345782+00
25630,1630611,2026-09-09 12:51:20.598485+00
25631,1630612,2026-09-09 12:51:20.598485+00
25632,1630613,2026-09-09 12:51:20.598485+00
25633,1630614,2026-09-09 12:51:20.598485+00
25634,1630615,2026-09-09 12:51:26.881088+00
25635,1630616,2026-09-09 12:51:26.881088+00
25636,1630617,2026-09-09 12:51:26.881088+00
25637,1630618,2026-09-09 12:51:26.881088+00
25639,1630620,2026-09-09 12:51:37.973988+00
25641,1630622,2026-09-09 12:51:37.973988+00
25642,1630623,2026-09-09 12:51:37.973988+00
25643,1630624,2026-09-09 12:51:37.973988+00
25645,1630626,2026-09-09 12:51:44.739965+00
25647,1630628,2026-09-09 12:51:44.739965+00
25648,1630629,2026-09-09 12:51:44.739965+00
25649,1630630,2026-09-09 12:51:44.739965+00
25650,1630631,2026-09-09 12:51:51.008955+00
25651,1630632,2026-09-09 12:51:51.008955+00
25652,1630633,2026-09-09 12:51:51.008955+00
25653,1630634,2026-09-09 12:51:51.008955+00
25655,1630636,2026-09-09 12:51:56.942744+00
25657,1630638,2026-09-09 12:51:56.942744+00
25660,1630641,2026-09-09 12:51:56.942744+00
25661,1630642,2026-09-09 12:51:56.942744+00
25662,1630643,2026-09-09 12:52:03.419288+00
25663,1630644,2026-09-09 12:52:03.419288+00
25664,1630645,2026-09-09 12:52:03.419288+00
25666,1630647,2026-09-09 12:52:03.419288+00
25667,1630648,2026-09-09 12:52:09.750607+00
25668,1630649,2026-09-09 12:52:09.750607+00
25669,1630650,2026-09-09 12:52:09.750607+00
25670,1630651,2026-09-09 12:52:09.750607+00
25671,1630652,2026-09-09 12:52:16.461452+00
25672,1630653,2026-09-09 12:52:16.461452+00
25673,1630654,2026-09-09 12:52:16.461452+00
25674,1630655,2026-09-09 12:52:16.461452+00
25675,1630656,2026-09-09 12:52:22.935006+00
25676,1630657,2026-09-09 12:52:22.935006+00
25677,1630658,2026-09-09 12:52:22.935006+00
25678,1630659,2026-09-09 12:52:22.935006+00
25679,1630660,2026-09-09 12:52:29.249661+00
25681,1630662,2026-09-09 12:52:29.249661+00
25682,1630663,2026-09-09 12:52:29.249661+00
25684,1630665,2026-09-09 12:52:29.249661+00
25685,1630666,2026-09-09 12:52:35.347696+00
25686,1630667,2026-09-09 12:52:35.347696+00
25687,1630668,2026-09-09 12:52:35.347696+00
25689,1630670,2026-09-09 12:52:35.347696+00
25690,1630671,2026-09-09 12:52:41.103966+00
25691,1630672,2026-09-09 12:52:41.103966+00
25692,1630673,2026-09-09 12:52:41.103966+00
25693,1630674,2026-09-09 12:52:41.103966+00
25694,1630675,2026-09-09 12:52:46.893755+00
25695,1630676,2026-09-09 12:52:46.893755+00
25696,1630677,2026-09-09 12:52:46.893755+00
25697,1630678,2026-09-09 12:52:46.893755+00
25698,1630679,2026-09-09 12:52:52.781222+00
25700,1630681,2026-09-09 12:52:52.781222+00
25701,1630682,2026-09-09 12:52:52.781222+00
25702,1630683,2026-09-09 12:52:52.781222+00
25703,1630684,2026-09-09 12:52:58.667834+00
25704,1630685,2026-09-09 12:52:58.667834+00
25705,1630686,2026-09-09 12:52:58.667834+00
25706,1630687,2026-09-09 12:52:58.667834+00
25707,1630688,2026-09-09 12:53:04.702938+00
25708,1630689,2026-09-09 12:53:04.702938+00
25710,1630691,2026-09-09 12:53:04.702938+00
25711,1630692,2026-09-09 12:53:04.702938+00
25712,1630693,2026-09-09 12:53:10.256666+00
25713,1630694,2026-09-09 12:53:10.256666+00
25714,1630695,2026-09-09 12:53:10.256666+00
25715,1630696,2026-09-09 12:53:10.256666+00
25716,1630697,2026-09-09 12:53:16.001761+00
25717,1630698,2026-09-09 12:53:16.001761+00
25718,1630699,2026-09-09 12:53:16.001761+00
25719,1630700,2026-09-09 12:53:16.001761+00
25720,1630701,2026-09-09 12:53:21.92018+00
25721,1630702,2026-09-09 12:53:21.92018+00
25722,1630703,2026-09-09 12:53:21.92018+00
25723,1630704,2026-09-09 12:53:21.92018+00
25724,1630705,2026-09-09 12:53:27.715134+00
25725,1630706,2026-09-09 12:53:27.715134+00
25726,1630707,2026-09-09 12:53:27.715134+00
25727,1630708,2026-09-09 12:53:27.715134+00
25728,1630709,2026-09-09 12:53:33.371093+00
25729,1630710,2026-09-09 12:53:33.371093+00
25730,1630711,2026-09-09 12:53:33.371093+00
25731,1630712,2026-09-09 12:53:33.371093+00
25734,1630715,2026-09-09 12:53:38.977558+00
25736,1630717,2026-09-09 12:53:38.977558+00
25737,1630718,2026-09-09 12:53:38.977558+00
25738,1630719,2026-09-09 12:53:38.977558+00
25740,1630721,2026-09-09 12:53:44.668077+00
25741,1630722,2026-09-09 12:53:44.668077+00
25742,1630723,2026-09-09 12:53:44.668077+00
25744,1630725,2026-09-09 12:53:44.668077+00
25745,1630726,2026-09-09 12:53:50.669614+00
25746,1630727,2026-09-09 12:53:50.669614+00
25748,1630729,2026-09-09 12:53:50.669614+00
25749,1630730,2026-09-09 12:53:50.669614+00
25750,1630731,2026-09-09 12:53:56.714637+00
25751,1630732,2026-09-09 12:53:56.714637+00
25753,1630734,2026-09-09 12:53:56.714637+00
25754,1630735,2026-09-09 12:53:56.714637+00
25756,1630737,2026-09-09 12:54:03.047866+00
25758,1630739,2026-09-09 12:54:03.047866+00
25759,1630740,2026-09-09 12:54:03.047866+00
25760,1630741,2026-09-09 12:54:03.047866+00
25761,1630742,2026-09-09 12:54:10.029324+00
25762,1630743,2026-09-09 12:54:10.029324+00
25763,1630744,2026-09-09 12:54:10.029324+00
25764,1630745,2026-09-09 12:54:10.029324+00
25765,1630746,2026-09-09 12:54:16.395145+00
25766,1630747,2026-09-09 12:54:16.395145+00
25767,1630748,2026-09-09 12:54:16.395145+00
25768,1630749,2026-09-09 12:54:16.395145+00
25769,1630750,2026-09-09 12:54:21.941682+00
25772,1630753,2026-09-09 12:54:21.941682+00
25773,1630754,2026-09-09 12:54:21.941682+00
25774,1630755,2026-09-09 12:54:21.941682+00
25775,1630756,2026-09-09 12:54:27.719059+00
25777,1630758,2026-09-09 12:54:27.719059+00
25779,1630760,2026-09-09 12:54:27.719059+00
25780,1630761,2026-09-09 12:54:27.719059+00
25781,1630762,2026-09-09 12:54:33.439603+00
25784,1630765,2026-09-09 12:54:33.439603+00
25785,1630766,2026-09-09 12:54:33.439603+00
25786,1630767,2026-09-09 12:54:33.439603+00
25788,1630769,2026-09-09 12:54:46.307083+00
25789,1630770,2026-09-09 12:54:46.307083+00
25790,1630771,2026-09-09 12:54:46.307083+00
25791,1630772,2026-09-09 12:54:46.307083+00
25792,1630773,2026-09-09 12:54:53.797754+00
25793,1630774,2026-09-09 12:54:53.797754+00
25794,1630775,2026-09-09 12:54:53.797754+00
25795,1630776,2026-09-09 12:54:53.797754+00
25797,1630778,2026-09-09 12:55:02.695001+00
25799,1630780,2026-09-09 12:55:02.695001+00
25800,1630781,2026-09-09 12:55:02.695001+00
25801,1630782,2026-09-09 12:55:02.695001+00
25803,1630784,2026-09-09 12:55:11.455986+00
25806,1630787,2026-09-09 12:55:11.455986+00
25807,1630788,2026-09-09 12:55:11.455986+00
25808,1630789,2026-09-09 12:55:11.455986+00
25809,1630790,2026-09-09 12:55:19.999762+00
25810,1630791,2026-09-09 12:55:19.999762+00
25811,1630792,2026-09-09 12:55:19.999762+00
25812,1630794,2026-09-09 12:55:19.999762+00
25813,1630795,2026-09-09 12:55:26.831793+00
25814,1630796,2026-09-09 12:55:26.831793+00
25815,1630797,2026-09-09 12:55:26.831793+00
25816,1630798,2026-09-09 12:55:26.831793+00
25817,1630799,2026-09-09 12:55:35.040256+00
25818,1630800,2026-09-09 12:55:35.040256+00
25819,1630801,2026-09-09 12:55:35.040256+00
25820,1630802,2026-09-09 12:55:35.040256+00
25821,1630803,2026-09-09 12:55:43.47731+00
25823,1630805,2026-09-09 12:55:43.47731+00
25824,1630806,2026-09-09 12:55:43.47731+00
25826,1630808,2026-09-09 12:55:43.47731+00
25827,1630809,2026-09-09 12:55:52.558835+00
25829,1630811,2026-09-09 12:55:52.558835+00
25830,1630812,2026-09-09 12:55:52.558835+00
25831,1630813,2026-09-09 12:55:52.558835+00
25837,1630819,2026-09-09 12:56:17.064444+00
27062,1730180,2026-09-09 12:49:29.544873+00
27105,1730223,2026-09-09 12:49:29.544873+00
27106,1730224,2026-09-09 12:49:29.544873+00
27107,1730225,2026-09-09 12:49:33.454388+00
27108,1730226,2026-09-09 12:49:33.454388+00
27109,1730227,2026-09-09 12:49:33.454388+00
27110,1730228,2026-09-09 12:49:36.942182+00
27111,1730229,2026-09-09 12:49:36.942182+00
27112,1730230,2026-09-09 12:49:36.942182+00
27113,1730231,2026-09-09 12:49:39.802848+00
27114,1730232,2026-09-09 12:49:39.802848+00
27115,1730233,2026-09-09 12:49:39.802848+00
27117,1730235,2026-09-09 12:49:42.470885+00
27118,1730236,2026-09-09 12:49:42.470885+00
27119,1730237,2026-09-09 12:49:42.470885+00
27120,1730238,2026-09-09 12:49:45.097176+00
27121,1730239,2026-09-09 12:49:45.097176+00
27122,1730240,2026-09-09 12:49:45.097176+00
27123,1730241,2026-09-09 12:49:47.72759+00
27124,1730242,2026-09-09 12:49:47.72759+00
27125,1730243,2026-09-09 12:49:47.72759+00
27126,1730244,2026-09-09 12:49:50.354636+00
27128,1730246,2026-09-09 12:49:50.354636+00
27129,1730247,2026-09-09 12:49:50.354636+00
27130,1730248,2026-09-09 12:49:52.604899+00
27131,1730249,2026-09-09 12:49:52.604899+00
27132,1730250,2026-09-09 12:49:52.604899+00
27133,1730251,2026-09-09 12:49:55.023545+00
27134,1730252,2026-09-09 12:49:55.023545+00
27135,1730253,2026-09-09 12:49:55.023545+00
27136,1730254,2026-09-09 12:49:57.385557+00
27137,1730255,2026-09-09 12:49:57.385557+00
27138,1730256,2026-09-09 12:49:57.385557+00
27140,1730258,2026-09-09 12:50:00.48428+00
27141,1730259,2026-09-09 12:50:00.48428+00
27143,1730261,2026-09-09 12:50:00.48428+00
27145,1730263,2026-09-09 12:50:03.138786+00
27146,1730264,2026-09-09 12:50:03.138786+00
27147,1730265,2026-09-09 12:50:03.138786+00
27148,1730266,2026-09-09 12:50:05.516761+00
27149,1730267,2026-09-09 12:50:05.516761+00
27150,1730268,2026-09-09 12:50:05.516761+00
27151,1730269,2026-09-09 12:50:07.983575+00
27152,1730270,2026-09-09 12:50:07.983575+00
27153,1730271,2026-09-09 12:50:07.983575+00
27155,1730273,2026-09-09 12:50:10.476057+00
27156,1730274,2026-09-09 12:50:10.476057+00
27157,1730275,2026-09-09 12:50:10.476057+00
27158,1730276,2026-09-09 12:50:13.991459+00
27159,1730277,2026-09-09 12:50:13.991459+00
27160,1730278,2026-09-09 12:50:13.991459+00
27161,1730279,2026-09-09 12:50:16.339097+00
27162,1730280,2026-09-09 12:50:16.339097+00
27163,1730281,2026-09-09 12:50:16.339097+00
27164,1730282,2026-09-09 12:50:18.605477+00
27165,1730283,2026-09-09 12:50:18.605477+00
27166,1730284,2026-09-09 12:50:18.605477+00
27168,1730286,2026-09-09 12:50:20.980596+00
27169,1730287,2026-09-09 12:50:20.980596+00
27170,1730288,2026-09-09 12:50:20.980596+00
27172,1730290,2026-09-09 12:50:23.239361+00
27173,1730291,2026-09-09 12:50:23.239361+00
27174,1730292,2026-09-09 12:50:23.239361+00
27175,1730293,2026-09-09 12:50:25.456014+00
27176,1730294,2026-09-09 12:50:25.456014+00
27177,1730295,2026-09-09 12:50:25.456014+00
27178,1730296,2026-09-09 12:50:27.709506+00
27179,1730297,2026-09-09 12:50:27.709506+00
27180,1730298,2026-09-09 12:50:27.709506+00
27181,1730299,2026-09-09 12:50:32.76642+00
27182,1730300,2026-09-09 12:50:32.76642+00
27183,1730301,2026-09-09 12:50:32.76642+00
27185,1730303,2026-09-09 12:50:39.347971+00
27186,1730304,2026-09-09 12:50:39.347971+00
27189,1730307,2026-09-09 12:50:39.347971+00
27190,1730308,2026-09-09 12:50:45.98512+00
27191,1730309,2026-09-09 12:50:45.98512+00
27193,1730311,2026-09-09 12:50:45.98512+00
27194,1730312,2026-09-09 12:50:52.251183+00
27195,1730313,2026-09-09 12:50:52.251183+00
27196,1730314,2026-09-09 12:50:52.251183+00
27198,1730316,2026-09-09 12:50:58.637387+00
27199,1730317,2026-09-09 12:50:58.637387+00
27200,1730318,2026-09-09 12:50:58.637387+00
27201,1730319,2026-09-09 12:51:05.971366+00
27202,1730320,2026-09-09 12:51:05.971366+00
27203,1730321,2026-09-09 12:51:05.971366+00
27204,1730322,2026-09-09 12:51:13.345782+00
27206,1730324,2026-09-09 12:51:13.345782+00
27207,1730325,2026-09-09 12:51:13.345782+00
27208,1730326,2026-09-09 12:51:20.598485+00
27209,1730327,2026-09-09 12:51:20.598485+00
27210,1730328,2026-09-09 12:51:20.598485+00
27211,1730329,2026-09-09 12:51:26.881088+00
27212,1730330,2026-09-09 12:51:26.881088+00
27213,1730331,2026-09-09 12:51:26.881088+00
27214,1730332,2026-09-09 12:51:37.973988+00
27215,1730333,2026-09-09 12:51:37.973988+00
27217,1730335,2026-09-09 12:51:37.973988+00
27218,1730336,2026-09-09 12:51:44.739965+00
27219,1730337,2026-09-09 12:51:44.739965+00
27220,1730338,2026-09-09 12:51:44.739965+00
27221,1730339,2026-09-09 12:51:51.008955+00
27222,1730340,2026-09-09 12:51:51.008955+00
27223,1730341,2026-09-09 12:51:51.008955+00
27224,1730342,2026-09-09 12:51:56.942744+00
27225,1730343,2026-09-09 12:51:56.942744+00
27226,1730344,2026-09-09 12:51:56.942744+00
27227,1730345,2026-09-09 12:52:03.419288+00
27228,1730346,2026-09-09 12:52:03.419288+00
27229,1730347,2026-09-09 12:52:03.419288+00
27230,1730348,2026-09-09 12:52:09.750607+00
27231,1730349,2026-09-09 12:52:09.750607+00
27232,1730350,2026-09-09 12:52:09.750607+00
27233,1730351,2026-09-09 12:52:16.461452+00
27234,1730352,2026-09-09 12:52:16.461452+00
27235,1730353,2026-09-09 12:52:16.461452+00
27236,1730354,2026-09-09 12:52:22.935006+00
27237,1730355,2026-09-09 12:52:22.935006+00
27238,1730356,2026-09-09 12:52:22.935006+00
27239,1730357,2026-09-09 12:52:29.249661+00
27240,1730358,2026-09-09 12:52:29.249661+00
27241,1730359,2026-09-09 12:52:29.249661+00
27242,1730360,2026-09-09 12:52:35.347696+00
27243,1730361,2026-09-09 12:52:35.347696+00
27245,1730363,2026-09-09 12:52:35.347696+00
27246,1730364,2026-09-09 12:52:41.103966+00
27247,1730365,2026-09-09 12:52:41.103966+00
27248,1730366,2026-09-09 12:52:41.103966+00
27249,1730367,2026-09-09 12:52:46.893755+00
27250,1730368,2026-09-09 12:52:46.893755+00
27251,1730369,2026-09-09 12:52:46.893755+00
27252,1730370,2026-09-09 12:52:52.781222+00
27253,1730371,2026-09-09 12:52:52.781222+00
27254,1730372,2026-09-09 12:52:52.781222+00
27256,1730374,2026-09-09 12:52:58.667834+00
27257,1730375,2026-09-09 12:52:58.667834+00
27258,1730376,2026-09-09 12:52:58.667834+00
27259,1730377,2026-09-09 12:53:04.702938+00
27260,1730378,2026-09-09 12:53:04.702938+00
27261,1730379,2026-09-09 12:53:04.702938+00
27262,1730380,2026-09-09 12:53:10.256666+00
27263,1730381,2026-09-09 12:53:10.256666+00
27265,1730383,2026-09-09 12:53:10.256666+00
27266,1730384,2026-09-09 12:53:16.001761+00
27269,1730387,2026-09-09 12:53:16.001761+00
27270,1730388,2026-09-09 12:53:16.001761+00
27271,1730389,2026-09-09 12:53:21.92018+00
27272,1730390,2026-09-09 12:53:21.92018+00
27274,1730392,2026-09-09 12:53:21.92018+00
27275,1730393,2026-09-09 12:53:27.715134+00
27276,1730394,2026-09-09 12:53:27.715134+00
27277,1730395,2026-09-09 12:53:27.715134+00
27278,1730396,2026-09-09 12:53:33.371093+00
27279,1730397,2026-09-09 12:53:33.371093+00
27280,1730398,2026-09-09 12:53:33.371093+00
27281,1730399,2026-09-09 12:53:38.977558+00
27282,1730400,2026-09-09 12:53:38.977558+00
27283,1730401,2026-09-09 12:53:38.977558+00
27284,1730402,2026-09-09 12:53:44.668077+00
27285,1730403,2026-09-09 12:53:44.668077+00
27286,1730404,2026-09-09 12:53:44.668077+00
27287,1730405,2026-09-09 12:53:50.669614+00
27288,1730406,2026-09-09 12:53:50.669614+00
27289,1730407,2026-09-09 12:53:50.669614+00
27290,1730408,2026-09-09 12:53:56.714637+00
27291,1730409,2026-09-09 12:53:56.714637+00
27293,1730411,2026-09-09 12:53:56.714637+00
27294,1730412,2026-09-09 12:54:03.047866+00
27295,1730413,2026-09-09 12:54:03.047866+00
27296,1730414,2026-09-09 12:54:03.047866+00
27297,1730415,2026-09-09 12:54:10.029324+00
27298,1730416,2026-09-09 12:54:10.029324+00
27299,1730417,2026-09-09 12:54:10.029324+00
27300,1730418,2026-09-09 12:54:16.395145+00
27301,1730419,2026-09-09 12:54:16.395145+00
27302,1730420,2026-09-09 12:54:16.395145+00
27303,1730421,2026-09-09 12:54:21.941682+00
27304,1730422,2026-09-09 12:54:21.941682+00
27305,1730423,2026-09-09 12:54:21.941682+00
27306,1730424,2026-09-09 12:54:27.719059+00
27307,1730425,2026-09-09 12:54:27.719059+00
27308,1730426,2026-09-09 12:54:27.719059+00
27309,1730427,2026-09-09 12:54:33.439603+00
27311,1730429,2026-09-09 12:54:33.439603+00
27313,1730431,2026-09-09 12:54:33.439603+00
27314,1730432,2026-09-09 12:54:46.307083+00
27315,1730433,2026-09-09 12:54:46.307083+00
27316,1730434,2026-09-09 12:54:46.307083+00
27317,1730435,2026-09-09 12:54:53.797754+00
27318,1730436,2026-09-09 12:54:53.797754+00
27319,1730437,2026-09-09 12:54:53.797754+00
27320,1730438,2026-09-09 12:55:02.695001+00
27321,1730439,2026-09-09 12:55:02.695001+00
27322,1730440,2026-09-09 12:55:02.695001+00
27323,1730441,2026-09-09 12:55:11.455986+00
27324,1730442,2026-09-09 12:55:11.455986+00
27325,1730443,2026-09-09 12:55:11.455986+00
27326,1730444,2026-09-09 12:55:19.999762+00
27327,1730445,2026-09-09 12:55:19.999762+00
27328,1730446,2026-09-09 12:55:19.999762+00
27330,1730448,2026-09-09 12:55:26.831793+00
27332,1730450,2026-09-09 12:55:26.831793+00
27333,1730451,2026-09-09 12:55:26.831793+00
27334,1730452,2026-09-09 12:55:35.040256+00
27335,1730453,2026-09-09 12:55:35.040256+00
27337,1730455,2026-09-09 12:55:35.040256+00
27339,1730457,2026-09-09 12:55:43.47731+00
27340,1730458,2026-09-09 12:55:43.47731+00
27341,1730459,2026-09-09 12:55:43.47731+00
27342,1730460,2026-09-09 12:55:52.558835+00
27343,1730461,2026-09-09 12:55:52.558835+00
27346,1730464,2026-09-09 12:55:52.558835+00
27347,1730465,2026-09-09 12:56:17.064444+00
27349,1730467,2026-09-09 12:56:17.064444+00
28897,1930446,2026-09-09 12:05:01.95465+00
28972,1930521,2026-09-09 12:00:27.682675+00
28973,1930522,2026-09-09 12:00:27.682675+00
28974,1930523,2026-09-09 12:05:01.95465+00
28975,1930524,2026-09-09 12:05:01.95465+00
28976,1930525,2026-09-09 12:05:01.95465+00
28977,1930526,2026-09-09 12:49:29.544873+00
28978,1930527,2026-09-09 12:49:29.544873+00
28979,1930528,2026-09-09 12:49:29.544873+00
28980,1930529,2026-09-09 12:49:29.544873+00
28981,1930530,2026-09-09 12:49:33.454388+00
28983,1930532,2026-09-09 12:49:33.454388+00
28984,1930533,2026-09-09 12:49:33.454388+00
28985,1930534,2026-09-09 12:49:33.454388+00
28986,1930535,2026-09-09 12:49:36.942182+00
28987,1930536,2026-09-09 12:49:36.942182+00
28990,1930539,2026-09-09 12:49:36.942182+00
28992,1930541,2026-09-09 12:49:36.942182+00
28994,1930543,2026-09-09 12:49:39.802848+00
28995,1930544,2026-09-09 12:49:39.802848+00
28996,1930545,2026-09-09 12:49:39.802848+00
28997,1930546,2026-09-09 12:49:39.802848+00
28998,1930547,2026-09-09 12:49:42.470885+00
28999,1930548,2026-09-09 12:49:42.470885+00
29000,1930549,2026-09-09 12:49:42.470885+00
29001,1930550,2026-09-09 12:49:42.470885+00
29002,1930551,2026-09-09 12:49:45.097176+00
29003,1930552,2026-09-09 12:49:45.097176+00
29005,1930554,2026-09-09 12:49:45.097176+00
29006,1930555,2026-09-09 12:49:45.097176+00
29007,1930556,2026-09-09 12:49:47.72759+00
29008,1930557,2026-09-09 12:49:47.72759+00
29009,1930558,2026-09-09 12:49:47.72759+00
29010,1930559,2026-09-09 12:49:47.72759+00
29012,1930561,2026-09-09 12:49:50.354636+00
29013,1930562,2026-09-09 12:49:50.354636+00
29015,1930564,2026-09-09 12:49:50.354636+00
29016,1930565,2026-09-09 12:49:50.354636+00
29017,1930566,2026-09-09 12:49:52.604899+00
29018,1930567,2026-09-09 12:49:52.604899+00
29019,1930568,2026-09-09 12:49:52.604899+00
29020,1930569,2026-09-09 12:49:52.604899+00
29021,1930570,2026-09-09 12:49:55.023545+00
29024,1930573,2026-09-09 12:49:55.023545+00
29027,1930576,2026-09-09 12:49:55.023545+00
29028,1930577,2026-09-09 12:49:55.023545+00
29029,1930578,2026-09-09 12:49:57.385557+00
29030,1930579,2026-09-09 12:49:57.385557+00
29031,1930580,2026-09-09 12:49:57.385557+00
29032,1930581,2026-09-09 12:49:57.385557+00
29033,1930582,2026-09-09 12:50:00.48428+00
29034,1930583,2026-09-09 12:50:00.48428+00
29036,1930585,2026-09-09 12:50:00.48428+00
29037,1930586,2026-09-09 12:50:00.48428+00
29038,1930587,2026-09-09 12:50:03.138786+00
29039,1930588,2026-09-09 12:50:03.138786+00
29040,1930589,2026-09-09 12:50:03.138786+00
29041,1930590,2026-09-09 12:50:03.138786+00
29042,1930591,2026-09-09 12:50:05.516761+00
29043,1930592,2026-09-09 12:50:05.516761+00
29044,1930593,2026-09-09 12:50:05.516761+00
29045,1930594,2026-09-09 12:50:05.516761+00
29046,1930595,2026-09-09 12:50:07.983575+00
29047,1930596,2026-09-09 12:50:07.983575+00
29048,1930597,2026-09-09 12:50:07.983575+00
29049,1930598,2026-09-09 12:50:07.983575+00
29050,1930599,2026-09-09 12:50:10.476057+00
29051,1930600,2026-09-09 12:50:10.476057+00
29052,1930601,2026-09-09 12:50:10.476057+00
29053,1930602,2026-09-09 12:50:10.476057+00
29054,1930603,2026-09-09 12:50:13.991459+00
29055,1930604,2026-09-09 12:50:13.991459+00
29056,1930605,2026-09-09 12:50:13.991459+00
29058,1930607,2026-09-09 12:50:13.991459+00
29059,1930608,2026-09-09 12:50:16.339097+00
29060,1930609,2026-09-09 12:50:16.339097+00
29061,1930610,2026-09-09 12:50:16.339097+00
29062,1930611,2026-09-09 12:50:16.339097+00
29063,1930612,2026-09-09 12:50:18.605477+00
29064,1930613,2026-09-09 12:50:18.605477+00
29065,1930614,2026-09-09 12:50:18.605477+00
29066,1930615,2026-09-09 12:50:18.605477+00
29067,1930616,2026-09-09 12:50:20.980596+00
29068,1930617,2026-09-09 12:50:20.980596+00
29069,1930618,2026-09-09 12:50:20.980596+00
29071,1930620,2026-09-09 12:50:20.980596+00
29072,1930621,2026-09-09 12:50:23.239361+00
29073,1930622,2026-09-09 12:50:23.239361+00
29074,1930623,2026-09-09 12:50:23.239361+00
29075,1930624,2026-09-09 12:50:23.239361+00
29076,1930625,2026-09-09 12:50:25.456014+00
29077,1930626,2026-09-09 12:50:25.456014+00
29079,1930628,2026-09-09 12:50:25.456014+00
29080,1930629,2026-09-09 12:50:25.456014+00
29081,1930630,2026-09-09 12:50:27.709506+00
29082,1930631,2026-09-09 12:50:27.709506+00
29083,1930632,2026-09-09 12:50:27.709506+00
29084,1930633,2026-09-09 12:50:27.709506+00
29085,1930634,2026-09-09 12:50:32.76642+00
29086,1930635,2026-09-09 12:50:32.76642+00
29087,1930636,2026-09-09 12:50:32.76642+00
29088,1930637,2026-09-09 12:50:32.76642+00
29089,1930638,2026-09-09 12:50:39.347971+00
29090,1930639,2026-09-09 12:50:39.347971+00
29092,1930641,2026-09-09 12:50:39.347971+00
29093,1930642,2026-09-09 12:50:39.347971+00
29094,1930643,2026-09-09 12:50:45.98512+00
29095,1930644,2026-09-09 12:50:45.98512+00
29098,1930647,2026-09-09 12:50:45.98512+00
29099,1930648,2026-09-09 12:50:45.98512+00
29100,1930649,2026-09-09 12:50:52.251183+00
29101,1930650,2026-09-09 12:50:52.251183+00
29102,1930651,2026-09-09 12:50:52.251183+00
29103,1930652,2026-09-09 12:50:52.251183+00
29105,1930654,2026-09-09 12:50:58.637387+00
29106,1930655,2026-09-09 12:50:58.637387+00
29107,1930656,2026-09-09 12:50:58.637387+00
29108,1930657,2026-09-09 12:50:58.637387+00
29109,1930658,2026-09-09 12:51:05.971366+00
29110,1930659,2026-09-09 12:51:05.971366+00
29111,1930660,2026-09-09 12:51:05.971366+00
29114,1930663,2026-09-09 12:51:05.971366+00
29115,1930664,2026-09-09 12:51:13.345782+00
29116,1930665,2026-09-09 12:51:13.345782+00
29117,1930666,2026-09-09 12:51:13.345782+00
29118,1930667,2026-09-09 12:51:13.345782+00
29119,1930668,2026-09-09 12:51:20.598485+00
29120,1930669,2026-09-09 12:51:20.598485+00
29121,1930670,2026-09-09 12:51:20.598485+00
29124,1930673,2026-09-09 12:51:20.598485+00
29125,1930674,2026-09-09 12:51:26.881088+00
29126,1930675,2026-09-09 12:51:26.881088+00
29127,1930676,2026-09-09 12:51:26.881088+00
29128,1930677,2026-09-09 12:51:26.881088+00
29129,1930678,2026-09-09 12:51:37.973988+00
29130,1930679,2026-09-09 12:51:37.973988+00
29131,1930680,2026-09-09 12:51:37.973988+00
29132,1930681,2026-09-09 12:51:37.973988+00
29133,1930682,2026-09-09 12:51:44.739965+00
29134,1930683,2026-09-09 12:51:44.739965+00
29135,1930684,2026-09-09 12:51:44.739965+00
29136,1930685,2026-09-09 12:51:44.739965+00
29137,1930686,2026-09-09 12:51:51.008955+00
29139,1930688,2026-09-09 12:51:51.008955+00
29140,1930689,2026-09-09 12:51:51.008955+00
29142,1930691,2026-09-09 12:51:51.008955+00
29143,1930692,2026-09-09 12:51:56.942744+00
29144,1930693,2026-09-09 12:51:56.942744+00
29145,1930694,2026-09-09 12:51:56.942744+00
29146,1930695,2026-09-09 12:51:56.942744+00
29147,1930696,2026-09-09 12:52:03.419288+00
29148,1930697,2026-09-09 12:52:03.419288+00
29149,1930698,2026-09-09 12:52:03.419288+00
29150,1930699,2026-09-09 12:52:03.419288+00
29151,1930700,2026-09-09 12:52:09.750607+00
29152,1930701,2026-09-09 12:52:09.750607+00
29153,1930702,2026-09-09 12:52:09.750607+00
29154,1930703,2026-09-09 12:52:09.750607+00
29155,1930704,2026-09-09 12:52:16.461452+00
29156,1930705,2026-09-09 12:52:16.461452+00
29157,1930706,2026-09-09 12:52:16.461452+00
29158,1930707,2026-09-09 12:52:16.461452+00
29159,1930708,2026-09-09 12:52:22.935006+00
29161,1930710,2026-09-09 12:52:22.935006+00
29162,1930711,2026-09-09 12:52:22.935006+00
29163,1930712,2026-09-09 12:52:22.935006+00
29164,1930713,2026-09-09 12:52:29.249661+00
29165,1930714,2026-09-09 12:52:29.249661+00
29166,1930715,2026-09-09 12:52:29.249661+00
29168,1930717,2026-09-09 12:52:29.249661+00
29169,1930718,2026-09-09 12:52:35.347696+00
29170,1930719,2026-09-09 12:52:35.347696+00
29172,1930721,2026-09-09 12:52:35.347696+00
29173,1930722,2026-09-09 12:52:35.347696+00
29174,1930723,2026-09-09 12:52:41.103966+00
29175,1930724,2026-09-09 12:52:41.103966+00
29176,1930725,2026-09-09 12:52:41.103966+00
29177,1930726,2026-09-09 12:52:41.103966+00
29178,1930727,2026-09-09 12:52:46.893755+00
29179,1930728,2026-09-09 12:52:46.893755+00
29180,1930729,2026-09-09 12:52:46.893755+00
29181,1930730,2026-09-09 12:52:46.893755+00
29182,1930731,2026-09-09 12:52:52.781222+00
29184,1930733,2026-09-09 12:52:52.781222+00
29185,1930734,2026-09-09 12:52:52.781222+00
29186,1930735,2026-09-09 12:52:52.781222+00
29188,1930737,2026-09-09 12:52:58.667834+00
29189,1930738,2026-09-09 12:52:58.667834+00
29190,1930739,2026-09-09 12:52:58.667834+00
29191,1930740,2026-09-09 12:52:58.667834+00
29193,1930742,2026-09-09 12:53:04.702938+00
29194,1930743,2026-09-09 12:53:04.702938+00
29195,1930744,2026-09-09 12:53:04.702938+00
29196,1930745,2026-09-09 12:53:04.702938+00
29198,1930747,2026-09-09 12:53:10.256666+00
29199,1930748,2026-09-09 12:53:10.256666+00
29200,1930749,2026-09-09 12:53:10.256666+00
29201,1930750,2026-09-09 12:53:10.256666+00
29202,1930751,2026-09-09 12:53:16.001761+00
29203,1930752,2026-09-09 12:53:16.001761+00
29204,1930753,2026-09-09 12:53:16.001761+00
29205,1930754,2026-09-09 12:53:16.001761+00
29206,1930755,2026-09-09 12:53:21.92018+00
29207,1930756,2026-09-09 12:53:21.92018+00
29208,1930757,2026-09-09 12:53:21.92018+00
29209,1930758,2026-09-09 12:53:21.92018+00
29210,1930759,2026-09-09 12:53:27.715134+00
29211,1930760,2026-09-09 12:53:27.715134+00
29212,1930761,2026-09-09 12:53:27.715134+00
29213,1930762,2026-09-09 12:53:27.715134+00
29215,1930764,2026-09-09 12:53:33.371093+00
29216,1930765,2026-09-09 12:53:33.371093+00
29217,1930766,2026-09-09 12:53:33.371093+00
29218,1930767,2026-09-09 12:53:33.371093+00
29219,1930768,2026-09-09 12:53:38.977558+00
29220,1930769,2026-09-09 12:53:38.977558+00
29221,1930770,2026-09-09 12:53:38.977558+00
29222,1930771,2026-09-09 12:53:38.977558+00
29225,1930774,2026-09-09 12:53:44.668077+00
29229,1930778,2026-09-09 12:53:44.668077+00
29232,1930781,2026-09-09 12:53:44.668077+00
29233,1930782,2026-09-09 12:53:44.668077+00
29234,1930783,2026-09-09 12:53:50.669614+00
29235,1930784,2026-09-09 12:53:50.669614+00
29238,1930787,2026-09-09 12:53:50.669614+00
29239,1930788,2026-09-09 12:53:50.669614+00
29241,1930790,2026-09-09 12:53:56.714637+00
29242,1930791,2026-09-09 12:53:56.714637+00
29244,1930793,2026-09-09 12:53:56.714637+00
29245,1930794,2026-09-09 12:53:56.714637+00
29246,1930795,2026-09-09 12:54:03.047866+00
29247,1930796,2026-09-09 12:54:03.047866+00
29248,1930797,2026-09-09 12:54:03.047866+00
29249,1930798,2026-09-09 12:54:03.047866+00
29250,1930799,2026-09-09 12:54:10.029324+00
29251,1930800,2026-09-09 12:54:10.029324+00
29252,1930801,2026-09-09 12:54:10.029324+00
29253,1930802,2026-09-09 12:54:10.029324+00
29255,1930804,2026-09-09 12:54:16.395145+00
29256,1930805,2026-09-09 12:54:16.395145+00
29257,1930806,2026-09-09 12:54:16.395145+00
29258,1930807,2026-09-09 12:54:16.395145+00
29261,1930810,2026-09-09 12:54:21.941682+00
29262,1930811,2026-09-09 12:54:21.941682+00
29263,1930812,2026-09-09 12:54:21.941682+00
29264,1930813,2026-09-09 12:54:21.941682+00
29265,1930814,2026-09-09 12:54:27.719059+00
29266,1930815,2026-09-09 12:54:27.719059+00
29267,1930816,2026-09-09 12:54:27.719059+00
29268,1930817,2026-09-09 12:54:27.719059+00
29269,1930818,2026-09-09 12:54:33.439603+00
29270,1930819,2026-09-09 12:54:33.439603+00
29271,1930820,2026-09-09 12:54:33.439603+00
29272,1930822,2026-09-09 12:54:33.439603+00
29273,1930823,2026-09-09 12:54:46.307083+00
29274,1930824,2026-09-09 12:54:46.307083+00
29275,1930825,2026-09-09 12:54:46.307083+00
29276,1930826,2026-09-09 12:54:46.307083+00
29277,1930827,2026-09-09 12:54:53.797754+00
29278,1930828,2026-09-09 12:54:53.797754+00
29280,1930830,2026-09-09 12:54:53.797754+00
29281,1930831,2026-09-09 12:54:53.797754+00
29282,1930832,2026-09-09 12:55:02.695001+00
29284,1930834,2026-09-09 12:55:02.695001+00
29285,1930835,2026-09-09 12:55:02.695001+00
29286,1930836,2026-09-09 12:55:02.695001+00
29287,1930837,2026-09-09 12:55:11.455986+00
29288,1930838,2026-09-09 12:55:11.455986+00
29289,1930839,2026-09-09 12:55:11.455986+00
29290,1930840,2026-09-09 12:55:11.455986+00
29291,1930841,2026-09-09 12:55:19.999762+00
29292,1930842,2026-09-09 12:55:19.999762+00
29293,1930843,2026-09-09 12:55:19.999762+00
29294,1930844,2026-09-09 12:55:19.999762+00
29295,1930845,2026-09-09 12:55:26.831793+00
29296,1930846,2026-09-09 12:55:26.831793+00
29300,1930850,2026-09-09 12:55:26.831793+00
29302,1930852,2026-09-09 12:55:26.831793+00
29303,1930853,2026-09-09 12:55:35.040256+00
29304,1930854,2026-09-09 12:55:35.040256+00
29305,1930855,2026-09-09 12:55:35.040256+00
29306,1930856,2026-09-09 12:55:35.040256+00
29308,1930858,2026-09-09 12:55:43.47731+00
29309,1930859,2026-09-09 12:55:43.47731+00
29310,1930860,2026-09-09 12:55:43.47731+00
29311,1930861,2026-09-09 12:55:43.47731+00
29313,1930863,2026-09-09 12:55:52.558835+00
29315,1930865,2026-09-09 12:55:52.558835+00
29316,1930866,2026-09-09 12:55:52.558835+00
29317,1930867,2026-09-09 12:55:52.558835+00
29319,1930869,2026-09-09 12:56:17.064444+00
29320,1930870,2026-09-09 12:56:17.064444+00
31156,2130404,2026-09-09 12:00:27.682675+00
31158,2130406,2026-09-09 12:00:27.682675+00
31161,2130409,2026-09-09 12:05:01.95465+00
31162,2130410,2026-09-09 12:05:01.95465+00
31163,2130411,2026-09-09 12:05:01.95465+00
31164,2130412,2026-09-09 12:05:01.95465+00
31165,2130413,2026-09-09 12:49:29.544873+00
31166,2130414,2026-09-09 12:49:29.544873+00
31167,2130415,2026-09-09 12:49:29.544873+00
31168,2130416,2026-09-09 12:49:29.544873+00
31169,2130417,2026-09-09 12:49:33.454388+00
31170,2130418,2026-09-09 12:49:33.454388+00
31171,2130419,2026-09-09 12:49:33.454388+00
31172,2130420,2026-09-09 12:49:33.454388+00
31173,2130421,2026-09-09 12:49:36.942182+00
31174,2130422,2026-09-09 12:49:36.942182+00
31175,2130423,2026-09-09 12:49:36.942182+00
31176,2130424,2026-09-09 12:49:36.942182+00
31177,2130425,2026-09-09 12:49:39.802848+00
31178,2130426,2026-09-09 12:49:39.802848+00
31179,2130427,2026-09-09 12:49:39.802848+00
31180,2130429,2026-09-09 12:49:39.802848+00
31181,2130430,2026-09-09 12:49:42.470885+00
31182,2130431,2026-09-09 12:49:42.470885+00
31183,2130432,2026-09-09 12:49:42.470885+00
31184,2130433,2026-09-09 12:49:42.470885+00
31185,2130434,2026-09-09 12:49:45.097176+00
31186,2130435,2026-09-09 12:49:45.097176+00
31187,2130436,2026-09-09 12:49:45.097176+00
31190,2130440,2026-09-09 12:49:45.097176+00
31191,2130441,2026-09-09 12:49:47.72759+00
31192,2130442,2026-09-09 12:49:47.72759+00
31193,2130443,2026-09-09 12:49:47.72759+00
31194,2130444,2026-09-09 12:49:47.72759+00
31195,2130445,2026-09-09 12:49:50.354636+00
31196,2130446,2026-09-09 12:49:50.354636+00
31198,2130448,2026-09-09 12:49:50.354636+00
31199,2130449,2026-09-09 12:49:50.354636+00
31200,2130450,2026-09-09 12:49:52.604899+00
31201,2130451,2026-09-09 12:49:52.604899+00
31202,2130452,2026-09-09 12:49:52.604899+00
31203,2130453,2026-09-09 12:49:52.604899+00
31204,2130454,2026-09-09 12:49:55.023545+00
31205,2130455,2026-09-09 12:49:55.023545+00
31206,2130456,2026-09-09 12:49:55.023545+00
31207,2130457,2026-09-09 12:49:55.023545+00
31208,2130458,2026-09-09 12:49:57.385557+00
31209,2130459,2026-09-09 12:49:57.385557+00
31210,2130460,2026-09-09 12:49:57.385557+00
31211,2130461,2026-09-09 12:49:57.385557+00
31212,2130462,2026-09-09 12:50:00.48428+00
31213,2130463,2026-09-09 12:50:00.48428+00
31214,2130464,2026-09-09 12:50:00.48428+00
31215,2130465,2026-09-09 12:50:00.48428+00
31216,2130466,2026-09-09 12:50:03.138786+00
31217,2130467,2026-09-09 12:50:03.138786+00
31218,2130468,2026-09-09 12:50:03.138786+00
31219,2130469,2026-09-09 12:50:03.138786+00
31220,2130470,2026-09-09 12:50:05.516761+00
31221,2130471,2026-09-09 12:50:05.516761+00
31222,2130472,2026-09-09 12:50:05.516761+00
31223,2130473,2026-09-09 12:50:05.516761+00
31224,2130474,2026-09-09 12:50:07.983575+00
31225,2130475,2026-09-09 12:50:07.983575+00
31226,2130476,2026-09-09 12:50:07.983575+00
31227,2130477,2026-09-09 12:50:07.983575+00
31229,2130479,2026-09-09 12:50:10.476057+00
31230,2130480,2026-09-09 12:50:10.476057+00
31231,2130481,2026-09-09 12:50:10.476057+00
31232,2130482,2026-09-09 12:50:10.476057+00
31233,2130483,2026-09-09 12:50:13.991459+00
31234,2130484,2026-09-09 12:50:13.991459+00
31235,2130485,2026-09-09 12:50:13.991459+00
31236,2130486,2026-09-09 12:50:13.991459+00
31237,2130487,2026-09-09 12:50:16.339097+00
31238,2130489,2026-09-09 12:50:16.339097+00
31239,2130490,2026-09-09 12:50:16.339097+00
31240,2130491,2026-09-09 12:50:16.339097+00
31241,2130492,2026-09-09 12:50:18.605477+00
31243,2130494,2026-09-09 12:50:18.605477+00
31244,2130495,2026-09-09 12:50:18.605477+00
31245,2130496,2026-09-09 12:50:18.605477+00
31246,2130497,2026-09-09 12:50:20.980596+00
31247,2130498,2026-09-09 12:50:20.980596+00
31248,2130499,2026-09-09 12:50:20.980596+00
31250,2130501,2026-09-09 12:50:20.980596+00
31251,2130502,2026-09-09 12:50:23.239361+00
31252,2130503,2026-09-09 12:50:23.239361+00
31253,2130505,2026-09-09 12:50:23.239361+00
31254,2130506,2026-09-09 12:50:23.239361+00
31256,2130508,2026-09-09 12:50:25.456014+00
31257,2130509,2026-09-09 12:50:25.456014+00
31258,2130510,2026-09-09 12:50:25.456014+00
31259,2130511,2026-09-09 12:50:25.456014+00
31260,2130512,2026-09-09 12:50:27.709506+00
31261,2130513,2026-09-09 12:50:27.709506+00
31262,2130514,2026-09-09 12:50:27.709506+00
31263,2130515,2026-09-09 12:50:27.709506+00
31264,2130516,2026-09-09 12:50:32.76642+00
31267,2130520,2026-09-09 12:50:32.76642+00
31269,2130522,2026-09-09 12:50:32.76642+00
31270,2130524,2026-09-09 12:50:32.76642+00
31272,2130526,2026-09-09 12:50:39.347971+00
31273,2130527,2026-09-09 12:50:39.347971+00
31274,2130528,2026-09-09 12:50:39.347971+00
31275,2130529,2026-09-09 12:50:39.347971+00
31276,2130530,2026-09-09 12:50:45.98512+00
31277,2130531,2026-09-09 12:50:45.98512+00
31278,2130532,2026-09-09 12:50:45.98512+00
31279,2130533,2026-09-09 12:50:45.98512+00
31280,2130534,2026-09-09 12:50:52.251183+00
31281,2130535,2026-09-09 12:50:52.251183+00
31282,2130536,2026-09-09 12:50:52.251183+00
31283,2130537,2026-09-09 12:50:52.251183+00
31284,2130538,2026-09-09 12:50:58.637387+00
31285,2130539,2026-09-09 12:50:58.637387+00
31286,2130540,2026-09-09 12:50:58.637387+00
31287,2130541,2026-09-09 12:50:58.637387+00
31288,2130542,2026-09-09 12:51:05.971366+00
31289,2130543,2026-09-09 12:51:05.971366+00
31290,2130544,2026-09-09 12:51:05.971366+00
31291,2130545,2026-09-09 12:51:05.971366+00
31292,2130546,2026-09-09 12:51:13.345782+00
31293,2130547,2026-09-09 12:51:13.345782+00
31294,2130549,2026-09-09 12:51:13.345782+00
31295,2130550,2026-09-09 12:51:13.345782+00
31296,2130551,2026-09-09 12:51:20.598485+00
31297,2130552,2026-09-09 12:51:20.598485+00
31298,2130553,2026-09-09 12:51:20.598485+00
31299,2130554,2026-09-09 12:51:20.598485+00
31300,2130555,2026-09-09 12:51:26.881088+00
31301,2130556,2026-09-09 12:51:26.881088+00
31302,2130557,2026-09-09 12:51:26.881088+00
31303,2130558,2026-09-09 12:51:26.881088+00
31304,2130559,2026-09-09 12:51:37.973988+00
31305,2130560,2026-09-09 12:51:37.973988+00
31306,2130561,2026-09-09 12:51:37.973988+00
31307,2130562,2026-09-09 12:51:37.973988+00
31308,2130563,2026-09-09 12:51:44.739965+00
31309,2130564,2026-09-09 12:51:44.739965+00
31310,2130565,2026-09-09 12:51:44.739965+00
31311,2130566,2026-09-09 12:51:44.739965+00
31312,2130567,2026-09-09 12:51:51.008955+00
31313,2130568,2026-09-09 12:51:51.008955+00
31314,2130570,2026-09-09 12:51:51.008955+00
31315,2130571,2026-09-09 12:51:51.008955+00
31316,2130572,2026-09-09 12:51:56.942744+00
31317,2130573,2026-09-09 12:51:56.942744+00
31318,2130574,2026-09-09 12:51:56.942744+00
31319,2130575,2026-09-09 12:51:56.942744+00
31320,2130577,2026-09-09 12:52:03.419288+00
31321,2130578,2026-09-09 12:52:03.419288+00
31322,2130579,2026-09-09 12:52:03.419288+00
31323,2130580,2026-09-09 12:52:03.419288+00
31325,2130582,2026-09-09 12:52:09.750607+00
31326,2130583,2026-09-09 12:52:09.750607+00
31327,2130584,2026-09-09 12:52:09.750607+00
31328,2130585,2026-09-09 12:52:09.750607+00
31329,2130586,2026-09-09 12:52:16.461452+00
31331,2130588,2026-09-09 12:52:16.461452+00
31332,2130589,2026-09-09 12:52:16.461452+00
31333,2130590,2026-09-09 12:52:16.461452+00
31334,2130591,2026-09-09 12:52:22.935006+00
31335,2130592,2026-09-09 12:52:22.935006+00
31336,2130593,2026-09-09 12:52:22.935006+00
31337,2130594,2026-09-09 12:52:22.935006+00
31338,2130595,2026-09-09 12:52:29.249661+00
31339,2130596,2026-09-09 12:52:29.249661+00
31340,2130597,2026-09-09 12:52:29.249661+00
31341,2130598,2026-09-09 12:52:29.249661+00
31344,2130601,2026-09-09 12:52:35.347696+00
31345,2130602,2026-09-09 12:52:35.347696+00
31346,2130603,2026-09-09 12:52:35.347696+00
31347,2130604,2026-09-09 12:52:35.347696+00
31348,2130605,2026-09-09 12:52:41.103966+00
31349,2130606,2026-09-09 12:52:41.103966+00
31350,2130607,2026-09-09 12:52:41.103966+00
31351,2130608,2026-09-09 12:52:41.103966+00
31352,2130609,2026-09-09 12:52:46.893755+00
31353,2130610,2026-09-09 12:52:46.893755+00
31354,2130611,2026-09-09 12:52:46.893755+00
31355,2130612,2026-09-09 12:52:46.893755+00
31356,2130613,2026-09-09 12:52:52.781222+00
31357,2130614,2026-09-09 12:52:52.781222+00
31358,2130615,2026-09-09 12:52:52.781222+00
31359,2130616,2026-09-09 12:52:52.781222+00
31360,2130617,2026-09-09 12:52:58.667834+00
31361,2130618,2026-09-09 12:52:58.667834+00
31363,2130620,2026-09-09 12:52:58.667834+00
31364,2130621,2026-09-09 12:52:58.667834+00
31365,2130622,2026-09-09 12:53:04.702938+00
31367,2130624,2026-09-09 12:53:04.702938+00
31368,2130625,2026-09-09 12:53:04.702938+00
31369,2130626,2026-09-09 12:53:04.702938+00
31370,2130627,2026-09-09 12:53:10.256666+00
31371,2130628,2026-09-09 12:53:10.256666+00
31372,2130629,2026-09-09 12:53:10.256666+00
31373,2130630,2026-09-09 12:53:10.256666+00
31374,2130631,2026-09-09 12:53:16.001761+00
31375,2130632,2026-09-09 12:53:16.001761+00
31376,2130633,2026-09-09 12:53:16.001761+00
31377,2130634,2026-09-09 12:53:16.001761+00
31378,2130635,2026-09-09 12:53:21.92018+00
31379,2130636,2026-09-09 12:53:21.92018+00
31380,2130637,2026-09-09 12:53:21.92018+00
31381,2130638,2026-09-09 12:53:21.92018+00
31382,2130639,2026-09-09 12:53:27.715134+00
31383,2130640,2026-09-09 12:53:27.715134+00
31384,2130641,2026-09-09 12:53:27.715134+00
31385,2130642,2026-09-09 12:53:27.715134+00
31386,2130643,2026-09-09 12:53:33.371093+00
31387,2130644,2026-09-09 12:53:33.371093+00
31388,2130645,2026-09-09 12:53:33.371093+00
31389,2130646,2026-09-09 12:53:33.371093+00
31390,2130647,2026-09-09 12:53:38.977558+00
31391,2130648,2026-09-09 12:53:38.977558+00
31392,2130649,2026-09-09 12:53:38.977558+00
31393,2130650,2026-09-09 12:53:38.977558+00
31394,2130651,2026-09-09 12:53:44.668077+00
31395,2130652,2026-09-09 12:53:44.668077+00
31396,2130653,2026-09-09 12:53:44.668077+00
31397,2130654,2026-09-09 12:53:44.668077+00
31398,2130655,2026-09-09 12:53:50.669614+00
31399,2130656,2026-09-09 12:53:50.669614+00
31400,2130657,2026-09-09 12:53:50.669614+00
31401,2130658,2026-09-09 12:53:50.669614+00
31402,2130659,2026-09-09 12:53:56.714637+00
31403,2130660,2026-09-09 12:53:56.714637+00
31404,2130661,2026-09-09 12:53:56.714637+00
31405,2130662,2026-09-09 12:53:56.714637+00
31406,2130663,2026-09-09 12:54:03.047866+00
31407,2130664,2026-09-09 12:54:03.047866+00
31408,2130665,2026-09-09 12:54:03.047866+00
31409,2130666,2026-09-09 12:54:03.047866+00
31410,2130667,2026-09-09 12:54:10.029324+00
31411,2130668,2026-09-09 12:54:10.029324+00
31412,2130669,2026-09-09 12:54:10.029324+00
31413,2130670,2026-09-09 12:54:10.029324+00
31414,2130671,2026-09-09 12:54:16.395145+00
31415,2130672,2026-09-09 12:54:16.395145+00
31416,2130673,2026-09-09 12:54:16.395145+00
31417,2130674,2026-09-09 12:54:16.395145+00
31418,2130675,2026-09-09 12:54:21.941682+00
31420,2130677,2026-09-09 12:54:21.941682+00
31421,2130678,2026-09-09 12:54:21.941682+00
31422,2130679,2026-09-09 12:54:21.941682+00
31423,2130680,2026-09-09 12:54:27.719059+00
31424,2130681,2026-09-09 12:54:27.719059+00
31425,2130682,2026-09-09 12:54:27.719059+00
31426,2130683,2026-09-09 12:54:27.719059+00
31427,2130684,2026-09-09 12:54:33.439603+00
31428,2130685,2026-09-09 12:54:33.439603+00
31429,2130686,2026-09-09 12:54:33.439603+00
31430,2130688,2026-09-09 12:54:33.439603+00
31431,2130689,2026-09-09 12:54:46.307083+00
31432,2130690,2026-09-09 12:54:46.307083+00
31433,2130691,2026-09-09 12:54:46.307083+00
31434,2130692,2026-09-09 12:54:46.307083+00
31435,2130693,2026-09-09 12:54:53.797754+00
31436,2130694,2026-09-09 12:54:53.797754+00
31437,2130695,2026-09-09 12:54:53.797754+00
31438,2130696,2026-09-09 12:54:53.797754+00
31439,2130697,2026-09-09 12:55:02.695001+00
31440,2130698,2026-09-09 12:55:02.695001+00
31442,2130700,2026-09-09 12:55:02.695001+00
31443,2130701,2026-09-09 12:55:02.695001+00
31444,2130702,2026-09-09 12:55:11.455986+00
31445,2130703,2026-09-09 12:55:11.455986+00
31446,2130704,2026-09-09 12:55:11.455986+00
31448,2130706,2026-09-09 12:55:11.455986+00
31449,2130707,2026-09-09 12:55:19.999762+00
31450,2130708,2026-09-09 12:55:19.999762+00
31451,2130709,2026-09-09 12:55:19.999762+00
31452,2130710,2026-09-09 12:55:19.999762+00
31453,2130711,2026-09-09 12:55:26.831793+00
31454,2130712,2026-09-09 12:55:26.831793+00
31455,2130713,2026-09-09 12:55:26.831793+00
31456,2130714,2026-09-09 12:55:26.831793+00
31457,2130715,2026-09-09 12:55:35.040256+00
31458,2130716,2026-09-09 12:55:35.040256+00
31459,2130717,2026-09-09 12:55:35.040256+00
31460,2130718,2026-09-09 12:55:35.040256+00
31461,2130719,2026-09-09 12:55:43.47731+00
31462,2130720,2026-09-09 12:55:43.47731+00
31463,2130721,2026-09-09 12:55:43.47731+00
31465,2130723,2026-09-09 12:55:43.47731+00
31466,2130724,2026-09-09 12:55:52.558835+00
31467,2130725,2026-09-09 12:55:52.558835+00
31468,2130726,2026-09-09 12:55:52.558835+00
31469,2130727,2026-09-09 12:55:52.558835+00
31470,2130728,2026-09-09 12:56:17.064444+00
37794,2730481,2026-09-09 12:00:27.682675+00
37797,2730484,2026-09-09 12:05:01.95465+00
37799,2730486,2026-09-09 12:05:01.95465+00
37800,2730487,2026-09-09 12:05:01.95465+00
37802,2730489,2026-09-09 12:05:01.95465+00
37803,2730490,2026-09-09 12:49:29.544873+00
37805,2730492,2026-09-09 12:49:29.544873+00
37807,2730494,2026-09-09 12:49:29.544873+00
37808,2730495,2026-09-09 12:49:29.544873+00
37809,2730496,2026-09-09 12:49:33.454388+00
37810,2730497,2026-09-09 12:49:33.454388+00
37811,2730498,2026-09-09 12:49:33.454388+00
37812,2730499,2026-09-09 12:49:33.454388+00
37813,2730500,2026-09-09 12:49:36.942182+00
37814,2730501,2026-09-09 12:49:36.942182+00
37817,2730504,2026-09-09 12:49:36.942182+00
37818,2730505,2026-09-09 12:49:36.942182+00
37819,2730506,2026-09-09 12:49:39.802848+00
37821,2730508,2026-09-09 12:49:39.802848+00
37823,2730510,2026-09-09 12:49:39.802848+00
37824,2730511,2026-09-09 12:49:39.802848+00
37826,2730513,2026-09-09 12:49:42.470885+00
37834,2730521,2026-09-09 12:49:42.470885+00
37835,2730522,2026-09-09 12:49:42.470885+00
37838,2730525,2026-09-09 12:49:42.470885+00
37839,2730526,2026-09-09 12:49:45.097176+00
37840,2730527,2026-09-09 12:49:45.097176+00
37841,2730528,2026-09-09 12:49:45.097176+00
37842,2730529,2026-09-09 12:49:45.097176+00
37843,2730530,2026-09-09 12:49:47.72759+00
37844,2730531,2026-09-09 12:49:47.72759+00
37845,2730532,2026-09-09 12:49:47.72759+00
37846,2730533,2026-09-09 12:49:47.72759+00
37847,2730534,2026-09-09 12:49:50.354636+00
37848,2730535,2026-09-09 12:49:50.354636+00
37851,2730538,2026-09-09 12:49:50.354636+00
37854,2730541,2026-09-09 12:49:50.354636+00
37856,2730543,2026-09-09 12:49:52.604899+00
37858,2730545,2026-09-09 12:49:52.604899+00
37865,2730552,2026-09-09 12:49:52.604899+00
37868,2730555,2026-09-09 12:49:52.604899+00
37871,2730558,2026-09-09 12:49:55.023545+00
37872,2730559,2026-09-09 12:49:55.023545+00
37873,2730560,2026-09-09 12:49:55.023545+00
37874,2730561,2026-09-09 12:49:55.023545+00
37876,2730563,2026-09-09 12:49:57.385557+00
37877,2730564,2026-09-09 12:49:57.385557+00
37878,2730565,2026-09-09 12:49:57.385557+00
37879,2730566,2026-09-09 12:49:57.385557+00
37880,2730567,2026-09-09 12:50:00.48428+00
37882,2730569,2026-09-09 12:50:00.48428+00
37883,2730570,2026-09-09 12:50:00.48428+00
37884,2730571,2026-09-09 12:50:00.48428+00
37885,2730573,2026-09-09 12:50:03.138786+00
37886,2730574,2026-09-09 12:50:03.138786+00
37888,2730576,2026-09-09 12:50:03.138786+00
37889,2730577,2026-09-09 12:50:03.138786+00
37890,2730578,2026-09-09 12:50:05.516761+00
37891,2730579,2026-09-09 12:50:05.516761+00
37892,2730580,2026-09-09 12:50:05.516761+00
37893,2730581,2026-09-09 12:50:05.516761+00
37894,2730582,2026-09-09 12:50:07.983575+00
37895,2730583,2026-09-09 12:50:07.983575+00
37896,2730584,2026-09-09 12:50:07.983575+00
37897,2730585,2026-09-09 12:50:07.983575+00
37898,2730586,2026-09-09 12:50:10.476057+00
37899,2730587,2026-09-09 12:50:10.476057+00
37901,2730589,2026-09-09 12:50:10.476057+00
37902,2730590,2026-09-09 12:50:10.476057+00
37903,2730591,2026-09-09 12:50:13.991459+00
37904,2730592,2026-09-09 12:50:13.991459+00
37905,2730593,2026-09-09 12:50:13.991459+00
37906,2730594,2026-09-09 12:50:13.991459+00
37908,2730596,2026-09-09 12:50:16.339097+00
37909,2730597,2026-09-09 12:50:16.339097+00
37910,2730598,2026-09-09 12:50:16.339097+00
37911,2730599,2026-09-09 12:50:16.339097+00
37912,2730600,2026-09-09 12:50:18.605477+00
37913,2730601,2026-09-09 12:50:18.605477+00
37914,2730602,2026-09-09 12:50:18.605477+00
37916,2730604,2026-09-09 12:50:18.605477+00
37917,2730605,2026-09-09 12:50:20.980596+00
37918,2730606,2026-09-09 12:50:20.980596+00
37921,2730609,2026-09-09 12:50:20.980596+00
37922,2730610,2026-09-09 12:50:20.980596+00
37923,2730611,2026-09-09 12:50:23.239361+00
37924,2730612,2026-09-09 12:50:23.239361+00
37925,2730613,2026-09-09 12:50:23.239361+00
37927,2730615,2026-09-09 12:50:23.239361+00
37928,2730616,2026-09-09 12:50:25.456014+00
37929,2730617,2026-09-09 12:50:25.456014+00
37932,2730620,2026-09-09 12:50:25.456014+00
37933,2730621,2026-09-09 12:50:25.456014+00
37934,2730622,2026-09-09 12:50:27.709506+00
37935,2730623,2026-09-09 12:50:27.709506+00
37936,2730624,2026-09-09 12:50:27.709506+00
37937,2730625,2026-09-09 12:50:27.709506+00
37938,2730626,2026-09-09 12:50:32.76642+00
37940,2730628,2026-09-09 12:50:32.76642+00
37941,2730629,2026-09-09 12:50:32.76642+00
37942,2730630,2026-09-09 12:50:32.76642+00
37944,2730632,2026-09-09 12:50:39.347971+00
37945,2730633,2026-09-09 12:50:39.347971+00
37946,2730634,2026-09-09 12:50:39.347971+00
37947,2730635,2026-09-09 12:50:39.347971+00
37948,2730636,2026-09-09 12:50:45.98512+00
37949,2730637,2026-09-09 12:50:45.98512+00
37951,2730639,2026-09-09 12:50:45.98512+00
37952,2730640,2026-09-09 12:50:45.98512+00
37953,2730641,2026-09-09 12:50:52.251183+00
37954,2730642,2026-09-09 12:50:52.251183+00
37955,2730643,2026-09-09 12:50:52.251183+00
37956,2730644,2026-09-09 12:50:52.251183+00
37960,2730648,2026-09-09 12:50:58.637387+00
37961,2730649,2026-09-09 12:50:58.637387+00
37962,2730650,2026-09-09 12:50:58.637387+00
37963,2730651,2026-09-09 12:50:58.637387+00
37964,2730652,2026-09-09 12:51:05.971366+00
37965,2730653,2026-09-09 12:51:05.971366+00
37966,2730654,2026-09-09 12:51:05.971366+00
37967,2730655,2026-09-09 12:51:05.971366+00
37969,2730657,2026-09-09 12:51:13.345782+00
37972,2730660,2026-09-09 12:51:13.345782+00
37973,2730661,2026-09-09 12:51:13.345782+00
37975,2730663,2026-09-09 12:51:13.345782+00
37976,2730664,2026-09-09 12:51:20.598485+00
37977,2730665,2026-09-09 12:51:20.598485+00
37983,2730671,2026-09-09 12:51:20.598485+00
37984,2730672,2026-09-09 12:51:20.598485+00
37985,2730673,2026-09-09 12:51:26.881088+00
37989,2730677,2026-09-09 12:51:26.881088+00
37990,2730678,2026-09-09 12:51:26.881088+00
37992,2730680,2026-09-09 12:51:26.881088+00
37994,2730682,2026-09-09 12:51:37.973988+00
37997,2730685,2026-09-09 12:51:37.973988+00
37998,2730686,2026-09-09 12:51:37.973988+00
37999,2730687,2026-09-09 12:51:37.973988+00
38001,2730689,2026-09-09 12:51:44.739965+00
38002,2730690,2026-09-09 12:51:44.739965+00
38005,2730693,2026-09-09 12:51:44.739965+00
38009,2730697,2026-09-09 12:51:44.739965+00
38011,2730699,2026-09-09 12:51:51.008955+00
38012,2730700,2026-09-09 12:51:51.008955+00
38013,2730701,2026-09-09 12:51:51.008955+00
38015,2730703,2026-09-09 12:51:51.008955+00
38016,2730704,2026-09-09 12:51:56.942744+00
38019,2730707,2026-09-09 12:51:56.942744+00
38020,2730708,2026-09-09 12:51:56.942744+00
38021,2730709,2026-09-09 12:51:56.942744+00
38022,2730710,2026-09-09 12:52:03.419288+00
38023,2730711,2026-09-09 12:52:03.419288+00
38024,2730712,2026-09-09 12:52:03.419288+00
38027,2730715,2026-09-09 12:52:03.419288+00
38028,2730716,2026-09-09 12:52:09.750607+00
38030,2730718,2026-09-09 12:52:09.750607+00
38032,2730720,2026-09-09 12:52:09.750607+00
38033,2730721,2026-09-09 12:52:09.750607+00
38034,2730722,2026-09-09 12:52:16.461452+00
38036,2730724,2026-09-09 12:52:16.461452+00
38038,2730726,2026-09-09 12:52:16.461452+00
38039,2730727,2026-09-09 12:52:16.461452+00
38041,2730729,2026-09-09 12:52:22.935006+00
38042,2730730,2026-09-09 12:52:22.935006+00
38043,2730731,2026-09-09 12:52:22.935006+00
38045,2730733,2026-09-09 12:52:22.935006+00
38046,2730734,2026-09-09 12:52:29.249661+00
38047,2730735,2026-09-09 12:52:29.249661+00
38049,2730737,2026-09-09 12:52:29.249661+00
38051,2730739,2026-09-09 12:52:29.249661+00
38052,2730740,2026-09-09 12:52:35.347696+00
38053,2730741,2026-09-09 12:52:35.347696+00
38055,2730743,2026-09-09 12:52:35.347696+00
38056,2730744,2026-09-09 12:52:35.347696+00
38057,2730745,2026-09-09 12:52:41.103966+00
38059,2730747,2026-09-09 12:52:41.103966+00
38060,2730748,2026-09-09 12:52:41.103966+00
38061,2730749,2026-09-09 12:52:41.103966+00
38062,2730750,2026-09-09 12:52:46.893755+00
38063,2730751,2026-09-09 12:52:46.893755+00
38064,2730752,2026-09-09 12:52:46.893755+00
38066,2730754,2026-09-09 12:52:46.893755+00
38067,2730755,2026-09-09 12:52:52.781222+00
38068,2730756,2026-09-09 12:52:52.781222+00
38069,2730757,2026-09-09 12:52:52.781222+00
38073,2730761,2026-09-09 12:52:52.781222+00
38076,2730764,2026-09-09 12:52:58.667834+00
38077,2730765,2026-09-09 12:52:58.667834+00
38079,2730767,2026-09-09 12:52:58.667834+00
38080,2730768,2026-09-09 12:52:58.667834+00
38082,2730770,2026-09-09 12:53:04.702938+00
38083,2730771,2026-09-09 12:53:04.702938+00
38085,2730773,2026-09-09 12:53:04.702938+00
38086,2730774,2026-09-09 12:53:04.702938+00
38087,2730775,2026-09-09 12:53:10.256666+00
38090,2730778,2026-09-09 12:53:10.256666+00
38091,2730779,2026-09-09 12:53:10.256666+00
38092,2730780,2026-09-09 12:53:10.256666+00
38094,2730782,2026-09-09 12:53:16.001761+00
38096,2730784,2026-09-09 12:53:16.001761+00
38098,2730786,2026-09-09 12:53:16.001761+00
38103,2730791,2026-09-09 12:53:16.001761+00
38107,2730795,2026-09-09 12:53:21.92018+00
38108,2730796,2026-09-09 12:53:21.92018+00
38109,2730797,2026-09-09 12:53:21.92018+00
38110,2730798,2026-09-09 12:53:21.92018+00
38111,2730799,2026-09-09 12:53:27.715134+00
38113,2730801,2026-09-09 12:53:27.715134+00
38117,2730805,2026-09-09 12:53:27.715134+00
38118,2730806,2026-09-09 12:53:27.715134+00
38119,2730807,2026-09-09 12:53:33.371093+00
38120,2730808,2026-09-09 12:53:33.371093+00
38121,2730809,2026-09-09 12:53:33.371093+00
38123,2730815,2026-09-09 12:53:33.371093+00
38126,2730818,2026-09-09 12:53:38.977558+00
38128,2730820,2026-09-09 12:53:38.977558+00
38129,2730821,2026-09-09 12:53:38.977558+00
38130,2730822,2026-09-09 12:53:38.977558+00
38131,2730823,2026-09-09 12:53:44.668077+00
38133,2730825,2026-09-09 12:53:44.668077+00
38134,2730826,2026-09-09 12:53:44.668077+00
38135,2730827,2026-09-09 12:53:44.668077+00
38136,2730828,2026-09-09 12:53:50.669614+00
38137,2730829,2026-09-09 12:53:50.669614+00
38138,2730830,2026-09-09 12:53:50.669614+00
38141,2730833,2026-09-09 12:53:50.669614+00
38142,2730834,2026-09-09 12:53:56.714637+00
38143,2730835,2026-09-09 12:53:56.714637+00
38151,2730843,2026-09-09 12:53:56.714637+00
38154,2730846,2026-09-09 12:53:56.714637+00
38156,2730848,2026-09-09 12:54:03.047866+00
38158,2730850,2026-09-09 12:54:03.047866+00
38160,2730852,2026-09-09 12:54:03.047866+00
38162,2730854,2026-09-09 12:54:03.047866+00
38169,2730861,2026-09-09 12:54:10.029324+00
38171,2730907,2026-09-09 12:54:10.029324+00
38173,2730909,2026-09-09 12:54:10.029324+00
38174,2730910,2026-09-09 12:54:10.029324+00
38175,2730911,2026-09-09 12:54:16.395145+00
38178,2730914,2026-09-09 12:54:16.395145+00
38185,2730921,2026-09-09 12:54:16.395145+00
38186,2730922,2026-09-09 12:54:16.395145+00
38187,2730923,2026-09-09 12:54:21.941682+00
38188,2730924,2026-09-09 12:54:21.941682+00
38190,2730926,2026-09-09 12:54:21.941682+00
38192,2730928,2026-09-09 12:54:21.941682+00
38193,2730929,2026-09-09 12:54:27.719059+00
38194,2730930,2026-09-09 12:54:27.719059+00
38200,2730936,2026-09-09 12:54:27.719059+00
38202,2730938,2026-09-09 12:54:27.719059+00
38207,2730943,2026-09-09 12:54:33.439603+00
38211,2750002,2026-09-09 12:54:33.439603+00
38212,2750003,2026-09-09 12:54:33.439603+00
38213,2750004,2026-09-09 12:54:33.439603+00
38214,2750005,2026-09-09 12:54:46.307083+00
38216,2750007,2026-09-09 12:54:46.307083+00
38217,2750008,2026-09-09 12:54:46.307083+00
38218,2750009,2026-09-09 12:54:46.307083+00
38220,2750011,2026-09-09 12:54:53.797754+00
38221,2750012,2026-09-09 12:54:53.797754+00
38222,2750013,2026-09-09 12:54:53.797754+00
38223,2750014,2026-09-09 12:54:53.797754+00
38224,2750015,2026-09-09 12:55:02.695001+00
38225,2750016,2026-09-09 12:55:02.695001+00
38226,2750017,2026-09-09 12:55:02.695001+00
38227,2750018,2026-09-09 12:55:02.695001+00
38228,2750019,2026-09-09 12:55:11.455986+00
38229,2750020,2026-09-09 12:55:11.455986+00
38230,2750022,2026-09-09 12:55:11.455986+00
38232,2750024,2026-09-09 12:55:11.455986+00
38233,2750025,2026-09-09 12:55:19.999762+00
38234,2750026,2026-09-09 12:55:19.999762+00
38236,2750028,2026-09-09 12:55:19.999762+00
38237,2750029,2026-09-09 12:55:19.999762+00
38238,2750030,2026-09-09 12:55:26.831793+00
38239,2750031,2026-09-09 12:55:26.831793+00
38241,2750033,2026-09-09 12:55:26.831793+00
38242,2750034,2026-09-09 12:55:26.831793+00
38243,2750035,2026-09-09 12:55:35.040256+00
38248,2750040,2026-09-09 12:55:35.040256+00
38249,2750041,2026-09-09 12:55:35.040256+00
38251,2750043,2026-09-09 12:55:35.040256+00
38253,2750045,2026-09-09 12:55:43.47731+00
38254,2750046,2026-09-09 12:55:43.47731+00
38255,2750047,2026-09-09 12:55:43.47731+00
38259,2750052,2026-09-09 12:55:43.47731+00
38264,2750059,2026-09-09 12:55:52.558835+00
38265,2750060,2026-09-09 12:55:52.558835+00
38267,2750063,2026-09-09 12:55:52.558835+00
38268,2750064,2026-09-09 12:55:52.558835+00
40042,330174,2026-09-09 12:05:01.95465+00
40296,330428,2026-09-09 12:00:27.682675+00
40297,330429,2026-09-09 12:00:27.682675+00
40299,330431,2026-09-09 12:05:01.95465+00
40301,330433,2026-09-09 12:05:01.95465+00
40302,330434,2026-09-09 12:05:01.95465+00
40303,330435,2026-09-09 12:49:29.544873+00
40305,330437,2026-09-09 12:49:29.544873+00
40306,330438,2026-09-09 12:49:29.544873+00
40307,330439,2026-09-09 12:49:29.544873+00
40308,330440,2026-09-09 12:49:33.454388+00
40309,330441,2026-09-09 12:49:33.454388+00
40310,330442,2026-09-09 12:49:33.454388+00
40311,330443,2026-09-09 12:49:33.454388+00
40312,330444,2026-09-09 12:49:36.942182+00
40313,330445,2026-09-09 12:49:36.942182+00
40314,330446,2026-09-09 12:49:36.942182+00
40316,330448,2026-09-09 12:49:36.942182+00
40317,330449,2026-09-09 12:49:39.802848+00
40318,330450,2026-09-09 12:49:39.802848+00
40319,330451,2026-09-09 12:49:39.802848+00
40321,330453,2026-09-09 12:49:39.802848+00
40322,330454,2026-09-09 12:49:42.470885+00
40324,330456,2026-09-09 12:49:42.470885+00
40325,330457,2026-09-09 12:49:42.470885+00
40326,330458,2026-09-09 12:49:42.470885+00
40327,330459,2026-09-09 12:49:45.097176+00
40328,330460,2026-09-09 12:49:45.097176+00
40330,330462,2026-09-09 12:49:45.097176+00
40331,330463,2026-09-09 12:49:45.097176+00
40332,330464,2026-09-09 12:49:47.72759+00
40333,330465,2026-09-09 12:49:47.72759+00
40334,330466,2026-09-09 12:49:47.72759+00
40335,330467,2026-09-09 12:49:47.72759+00
40336,330468,2026-09-09 12:49:50.354636+00
40338,330470,2026-09-09 12:49:50.354636+00
40339,330471,2026-09-09 12:49:50.354636+00
40342,330474,2026-09-09 12:49:50.354636+00
40343,330475,2026-09-09 12:49:52.604899+00
40344,330476,2026-09-09 12:49:52.604899+00
40345,330477,2026-09-09 12:49:52.604899+00
40347,330479,2026-09-09 12:49:52.604899+00
40348,330480,2026-09-09 12:49:55.023545+00
40350,330482,2026-09-09 12:49:55.023545+00
40351,330483,2026-09-09 12:49:55.023545+00
40352,330484,2026-09-09 12:49:55.023545+00
40353,330485,2026-09-09 12:49:57.385557+00
40354,330486,2026-09-09 12:49:57.385557+00
40355,330487,2026-09-09 12:49:57.385557+00
40356,330488,2026-09-09 12:49:57.385557+00
40358,330490,2026-09-09 12:50:00.48428+00
40359,330491,2026-09-09 12:50:00.48428+00
40361,330493,2026-09-09 12:50:00.48428+00
40362,330494,2026-09-09 12:50:00.48428+00
40363,330495,2026-09-09 12:50:03.138786+00
40364,330496,2026-09-09 12:50:03.138786+00
40366,330498,2026-09-09 12:50:03.138786+00
40367,330499,2026-09-09 12:50:03.138786+00
40368,330500,2026-09-09 12:50:05.516761+00
40369,330501,2026-09-09 12:50:05.516761+00
40370,330502,2026-09-09 12:50:05.516761+00
40371,330503,2026-09-09 12:50:05.516761+00
40372,330504,2026-09-09 12:50:07.983575+00
40373,330505,2026-09-09 12:50:07.983575+00
40374,330506,2026-09-09 12:50:07.983575+00
40376,330508,2026-09-09 12:50:07.983575+00
40377,330509,2026-09-09 12:50:10.476057+00
40378,330510,2026-09-09 12:50:10.476057+00
40379,330511,2026-09-09 12:50:10.476057+00
40380,330512,2026-09-09 12:50:10.476057+00
40382,330514,2026-09-09 12:50:13.991459+00
40383,330515,2026-09-09 12:50:13.991459+00
40384,330516,2026-09-09 12:50:13.991459+00
40385,330517,2026-09-09 12:50:13.991459+00
40386,330518,2026-09-09 12:50:16.339097+00
40387,330519,2026-09-09 12:50:16.339097+00
40388,330520,2026-09-09 12:50:16.339097+00
40389,330521,2026-09-09 12:50:16.339097+00
40390,330522,2026-09-09 12:50:18.605477+00
40391,330523,2026-09-09 12:50:18.605477+00
40392,330524,2026-09-09 12:50:18.605477+00
40393,330525,2026-09-09 12:50:18.605477+00
40394,330526,2026-09-09 12:50:20.980596+00
40396,330528,2026-09-09 12:50:20.980596+00
40397,330529,2026-09-09 12:50:20.980596+00
40398,330530,2026-09-09 12:50:20.980596+00
40399,330531,2026-09-09 12:50:23.239361+00
40400,330532,2026-09-09 12:50:23.239361+00
40401,330533,2026-09-09 12:50:23.239361+00
40403,330535,2026-09-09 12:50:23.239361+00
40406,330538,2026-09-09 12:50:25.456014+00
40407,330539,2026-09-09 12:50:25.456014+00
40408,330540,2026-09-09 12:50:25.456014+00
40410,330542,2026-09-09 12:50:25.456014+00
40411,330543,2026-09-09 12:50:27.709506+00
40412,330544,2026-09-09 12:50:27.709506+00
40413,330545,2026-09-09 12:50:27.709506+00
40414,330546,2026-09-09 12:50:27.709506+00
40415,330547,2026-09-09 12:50:32.76642+00
40416,330548,2026-09-09 12:50:32.76642+00
40417,330549,2026-09-09 12:50:32.76642+00
40418,330550,2026-09-09 12:50:32.76642+00
40419,330551,2026-09-09 12:50:39.347971+00
40421,330553,2026-09-09 12:50:39.347971+00
40422,330554,2026-09-09 12:50:39.347971+00
40423,330555,2026-09-09 12:50:39.347971+00
40424,330556,2026-09-09 12:50:45.98512+00
40425,330557,2026-09-09 12:50:45.98512+00
40426,330558,2026-09-09 12:50:45.98512+00
40427,330559,2026-09-09 12:50:45.98512+00
40430,330562,2026-09-09 12:50:52.251183+00
40431,330563,2026-09-09 12:50:52.251183+00
40432,330564,2026-09-09 12:50:52.251183+00
40433,330565,2026-09-09 12:50:52.251183+00
40435,330567,2026-09-09 12:50:58.637387+00
40436,330568,2026-09-09 12:50:58.637387+00
40437,330569,2026-09-09 12:50:58.637387+00
40438,330570,2026-09-09 12:50:58.637387+00
40440,330572,2026-09-09 12:51:05.971366+00
40442,330574,2026-09-09 12:51:05.971366+00
40443,330575,2026-09-09 12:51:05.971366+00
40444,330576,2026-09-09 12:51:05.971366+00
40445,330577,2026-09-09 12:51:13.345782+00
40447,330579,2026-09-09 12:51:13.345782+00
40448,330580,2026-09-09 12:51:13.345782+00
40449,330581,2026-09-09 12:51:13.345782+00
40450,330582,2026-09-09 12:51:20.598485+00
40452,330584,2026-09-09 12:51:20.598485+00
40453,330585,2026-09-09 12:51:20.598485+00
40454,330586,2026-09-09 12:51:20.598485+00
40455,330587,2026-09-09 12:51:26.881088+00
40456,330588,2026-09-09 12:51:26.881088+00
40457,330589,2026-09-09 12:51:26.881088+00
40459,330591,2026-09-09 12:51:26.881088+00
40460,330592,2026-09-09 12:51:37.973988+00
40461,330593,2026-09-09 12:51:37.973988+00
40463,330595,2026-09-09 12:51:37.973988+00
40464,330596,2026-09-09 12:51:37.973988+00
40465,330597,2026-09-09 12:51:44.739965+00
40466,330598,2026-09-09 12:51:44.739965+00
40468,330600,2026-09-09 12:51:44.739965+00
40469,330601,2026-09-09 12:51:44.739965+00
40470,330602,2026-09-09 12:51:51.008955+00
40471,330603,2026-09-09 12:51:51.008955+00
40472,330604,2026-09-09 12:51:51.008955+00
40473,330605,2026-09-09 12:51:51.008955+00
40474,330606,2026-09-09 12:51:56.942744+00
40475,330607,2026-09-09 12:51:56.942744+00
40476,330608,2026-09-09 12:51:56.942744+00
40477,330609,2026-09-09 12:51:56.942744+00
40478,330610,2026-09-09 12:52:03.419288+00
40479,330611,2026-09-09 12:52:03.419288+00
40480,330612,2026-09-09 12:52:03.419288+00
40481,330613,2026-09-09 12:52:03.419288+00
40482,330614,2026-09-09 12:52:09.750607+00
40483,330615,2026-09-09 12:52:09.750607+00
40484,330616,2026-09-09 12:52:09.750607+00
40485,330617,2026-09-09 12:52:09.750607+00
40487,330619,2026-09-09 12:52:16.461452+00
40488,330620,2026-09-09 12:52:16.461452+00
40490,330622,2026-09-09 12:52:16.461452+00
40491,330623,2026-09-09 12:52:16.461452+00
40492,330624,2026-09-09 12:52:22.935006+00
40493,330625,2026-09-09 12:52:22.935006+00
40494,330626,2026-09-09 12:52:22.935006+00
40495,330627,2026-09-09 12:52:22.935006+00
40496,330628,2026-09-09 12:52:29.249661+00
40497,330629,2026-09-09 12:52:29.249661+00
40499,330631,2026-09-09 12:52:29.249661+00
40502,330634,2026-09-09 12:52:29.249661+00
40504,330636,2026-09-09 12:52:35.347696+00
40505,330637,2026-09-09 12:52:35.347696+00
40507,330639,2026-09-09 12:52:35.347696+00
40508,330640,2026-09-09 12:52:35.347696+00
40511,330643,2026-09-09 12:52:41.103966+00
40512,330644,2026-09-09 12:52:41.103966+00
40513,330645,2026-09-09 12:52:41.103966+00
40514,330646,2026-09-09 12:52:41.103966+00
40516,330648,2026-09-09 12:52:46.893755+00
40518,330650,2026-09-09 12:52:46.893755+00
40519,330651,2026-09-09 12:52:46.893755+00
40520,330652,2026-09-09 12:52:46.893755+00
40521,330653,2026-09-09 12:52:52.781222+00
40522,330654,2026-09-09 12:52:52.781222+00
40523,330655,2026-09-09 12:52:52.781222+00
40525,330657,2026-09-09 12:52:52.781222+00
40526,330658,2026-09-09 12:52:58.667834+00
40527,330659,2026-09-09 12:52:58.667834+00
40528,330660,2026-09-09 12:52:58.667834+00
40530,330662,2026-09-09 12:52:58.667834+00
40531,330663,2026-09-09 12:53:04.702938+00
40532,330664,2026-09-09 12:53:04.702938+00
40533,330665,2026-09-09 12:53:04.702938+00
40535,330667,2026-09-09 12:53:04.702938+00
40538,330670,2026-09-09 12:53:10.256666+00
40539,330671,2026-09-09 12:53:10.256666+00
40540,330672,2026-09-09 12:53:10.256666+00
40541,330673,2026-09-09 12:53:10.256666+00
40542,330674,2026-09-09 12:53:16.001761+00
40543,330675,2026-09-09 12:53:16.001761+00
40544,330676,2026-09-09 12:53:16.001761+00
40545,330677,2026-09-09 12:53:16.001761+00
40546,330678,2026-09-09 12:53:21.92018+00
40547,330679,2026-09-09 12:53:21.92018+00
40548,330680,2026-09-09 12:53:21.92018+00
40549,330681,2026-09-09 12:53:21.92018+00
40550,330682,2026-09-09 12:53:27.715134+00
40552,330684,2026-09-09 12:53:27.715134+00
40553,330685,2026-09-09 12:53:27.715134+00
40555,330687,2026-09-09 12:53:27.715134+00
40556,330688,2026-09-09 12:53:33.371093+00
40558,330690,2026-09-09 12:53:33.371093+00
40560,330692,2026-09-09 12:53:33.371093+00
40562,330694,2026-09-09 12:53:33.371093+00
40563,330695,2026-09-09 12:53:38.977558+00
40564,330696,2026-09-09 12:53:38.977558+00
40565,330697,2026-09-09 12:53:38.977558+00
40567,330699,2026-09-09 12:53:38.977558+00
40569,330701,2026-09-09 12:53:44.668077+00
40570,330702,2026-09-09 12:53:44.668077+00
40572,330704,2026-09-09 12:53:44.668077+00
40574,330706,2026-09-09 12:53:44.668077+00
40575,330707,2026-09-09 12:53:50.669614+00
40577,330709,2026-09-09 12:53:50.669614+00
40580,330712,2026-09-09 12:53:50.669614+00
40581,330713,2026-09-09 12:53:50.669614+00
40583,330715,2026-09-09 12:53:56.714637+00
40584,330716,2026-09-09 12:53:56.714637+00
40586,330718,2026-09-09 12:53:56.714637+00
40587,330719,2026-09-09 12:53:56.714637+00
40588,330720,2026-09-09 12:54:03.047866+00
40591,330723,2026-09-09 12:54:03.047866+00
40592,330724,2026-09-09 12:54:03.047866+00
40594,330726,2026-09-09 12:54:03.047866+00
40595,330727,2026-09-09 12:54:10.029324+00
40596,330728,2026-09-09 12:54:10.029324+00
40597,330729,2026-09-09 12:54:10.029324+00
40598,330730,2026-09-09 12:54:10.029324+00
40599,330731,2026-09-09 12:54:16.395145+00
40601,330733,2026-09-09 12:54:16.395145+00
40602,330734,2026-09-09 12:54:16.395145+00
40603,330735,2026-09-09 12:54:16.395145+00
40605,330737,2026-09-09 12:54:21.941682+00
40606,330738,2026-09-09 12:54:21.941682+00
40608,330740,2026-09-09 12:54:21.941682+00
40609,330741,2026-09-09 12:54:21.941682+00
40610,330742,2026-09-09 12:54:27.719059+00
40612,330744,2026-09-09 12:54:27.719059+00
40613,330745,2026-09-09 12:54:27.719059+00
40615,330747,2026-09-09 12:54:27.719059+00
40616,330748,2026-09-09 12:54:33.439603+00
40618,330750,2026-09-09 12:54:33.439603+00
40620,330752,2026-09-09 12:54:33.439603+00
40622,330754,2026-09-09 12:54:33.439603+00
40625,330757,2026-09-09 12:54:46.307083+00
40626,330758,2026-09-09 12:54:46.307083+00
40627,330759,2026-09-09 12:54:46.307083+00
40628,330760,2026-09-09 12:54:46.307083+00
40630,330762,2026-09-09 12:54:53.797754+00
40631,330763,2026-09-09 12:54:53.797754+00
40632,330764,2026-09-09 12:54:53.797754+00
40633,330765,2026-09-09 12:54:53.797754+00
40636,330768,2026-09-09 12:55:02.695001+00
40637,330769,2026-09-09 12:55:02.695001+00
40639,330771,2026-09-09 12:55:02.695001+00
40641,330773,2026-09-09 12:55:02.695001+00
40642,330774,2026-09-09 12:55:11.455986+00
40645,330777,2026-09-09 12:55:11.455986+00
40646,330778,2026-09-09 12:55:11.455986+00
40648,330780,2026-09-09 12:55:11.455986+00
40651,330783,2026-09-09 12:55:19.999762+00
40653,330785,2026-09-09 12:55:19.999762+00
40655,330787,2026-09-09 12:55:19.999762+00
40656,330788,2026-09-09 12:55:19.999762+00
40657,330789,2026-09-09 12:55:26.831793+00
40658,330790,2026-09-09 12:55:26.831793+00
40659,330791,2026-09-09 12:55:26.831793+00
40660,330792,2026-09-09 12:55:26.831793+00
40661,330793,2026-09-09 12:55:35.040256+00
40662,330794,2026-09-09 12:55:35.040256+00
40663,330795,2026-09-09 12:55:35.040256+00
40664,330796,2026-09-09 12:55:35.040256+00
40665,330797,2026-09-09 12:55:43.47731+00
40666,330798,2026-09-09 12:55:43.47731+00
40667,330799,2026-09-09 12:55:43.47731+00
40669,330801,2026-09-09 12:55:43.47731+00
40671,330803,2026-09-09 12:55:52.558835+00
40672,330804,2026-09-09 12:55:52.558835+00
40673,330805,2026-09-09 12:55:52.558835+00
40674,330806,2026-09-09 12:55:52.558835+00
40678,330810,2026-09-09 12:56:17.064444+00
40679,330811,2026-09-09 12:56:17.064444+00
41628,3330292,2026-09-09 12:00:27.682675+00
41629,3330293,2026-09-09 12:00:27.682675+00
41630,3330294,2026-09-09 12:00:27.682675+00
41631,3330295,2026-09-09 12:05:01.95465+00
41632,3330296,2026-09-09 12:05:01.95465+00
41633,3330297,2026-09-09 12:05:01.95465+00
41634,3330298,2026-09-09 12:49:29.544873+00
41635,3330299,2026-09-09 12:49:29.544873+00
41636,3330300,2026-09-09 12:49:29.544873+00
41637,3330301,2026-09-09 12:49:33.454388+00
41638,3330303,2026-09-09 12:49:33.454388+00
41639,3330305,2026-09-09 12:49:33.454388+00
41640,3330307,2026-09-09 12:49:36.942182+00
41641,3330309,2026-09-09 12:49:36.942182+00
41642,3330310,2026-09-09 12:49:36.942182+00
41643,3330313,2026-09-09 12:49:39.802848+00
41644,3330316,2026-09-09 12:49:39.802848+00
41645,3330317,2026-09-09 12:49:39.802848+00
41646,3330320,2026-09-09 12:49:42.470885+00
41647,3330325,2026-09-09 12:49:42.470885+00
41648,3330326,2026-09-09 12:49:42.470885+00
41649,3330327,2026-09-09 12:49:45.097176+00
41650,3330329,2026-09-09 12:49:45.097176+00
41651,3330330,2026-09-09 12:49:45.097176+00
41652,3330333,2026-09-09 12:49:47.72759+00
41653,3330334,2026-09-09 12:49:47.72759+00
41654,3330336,2026-09-09 12:49:47.72759+00
41655,3330340,2026-09-09 12:49:50.354636+00
41656,3330343,2026-09-09 12:49:50.354636+00
41657,3330344,2026-09-09 12:49:50.354636+00
41658,3330345,2026-09-09 12:49:52.604899+00
41659,3330346,2026-09-09 12:49:52.604899+00
41660,3330352,2026-09-09 12:49:52.604899+00
41661,3330353,2026-09-09 12:49:55.023545+00
41662,3330354,2026-09-09 12:49:55.023545+00
41663,3330355,2026-09-09 12:49:55.023545+00
41664,3330356,2026-09-09 12:49:57.385557+00
41665,3330357,2026-09-09 12:49:57.385557+00
41666,3330358,2026-09-09 12:49:57.385557+00
41667,3330359,2026-09-09 12:50:00.48428+00
41669,3330361,2026-09-09 12:50:00.48428+00
41670,3330362,2026-09-09 12:50:00.48428+00
41671,3330363,2026-09-09 12:50:03.138786+00
41672,3330364,2026-09-09 12:50:03.138786+00
41674,3330366,2026-09-09 12:50:03.138786+00
41675,3330367,2026-09-09 12:50:05.516761+00
41676,3330368,2026-09-09 12:50:05.516761+00
41677,3330369,2026-09-09 12:50:05.516761+00
41678,3330370,2026-09-09 12:50:07.983575+00
41679,3330371,2026-09-09 12:50:07.983575+00
41682,3330374,2026-09-09 12:50:07.983575+00
41683,3330375,2026-09-09 12:50:10.476057+00
41684,3330376,2026-09-09 12:50:10.476057+00
41685,3330377,2026-09-09 12:50:10.476057+00
41686,3330378,2026-09-09 12:50:13.991459+00
41687,3330379,2026-09-09 12:50:13.991459+00
41688,3330380,2026-09-09 12:50:13.991459+00
41691,3330383,2026-09-09 12:50:16.339097+00
41693,3330385,2026-09-09 12:50:16.339097+00
41694,3330386,2026-09-09 12:50:18.605477+00
41695,3330387,2026-09-09 12:50:18.605477+00
41696,3330388,2026-09-09 12:50:20.980596+00
41697,3330389,2026-09-09 12:50:20.980596+00
41698,3330390,2026-09-09 12:50:23.239361+00
41699,3330391,2026-09-09 12:50:23.239361+00
41701,3330393,2026-09-09 12:50:25.456014+00
41702,3330394,2026-09-09 12:50:25.456014+00
41703,3330395,2026-09-09 12:50:27.709506+00
41705,3330397,2026-09-09 12:50:27.709506+00
41706,3330398,2026-09-09 12:50:32.76642+00
41707,3330399,2026-09-09 12:50:32.76642+00
41708,3330400,2026-09-09 12:50:39.347971+00
41709,3330401,2026-09-09 12:50:39.347971+00
41710,3330402,2026-09-09 12:50:45.98512+00
41711,3330403,2026-09-09 12:50:45.98512+00
41712,3330404,2026-09-09 12:50:52.251183+00
41713,3330405,2026-09-09 12:50:52.251183+00
41714,3330406,2026-09-09 12:50:58.637387+00
41718,3330410,2026-09-09 12:50:58.637387+00
41719,3330411,2026-09-09 12:51:05.971366+00
41722,3330414,2026-09-09 12:51:05.971366+00
41723,3330415,2026-09-09 12:51:13.345782+00
41724,3330416,2026-09-09 12:51:13.345782+00
41725,3330417,2026-09-09 12:51:20.598485+00
41727,3330419,2026-09-09 12:51:20.598485+00
41728,3330420,2026-09-09 12:51:26.881088+00
41729,3330421,2026-09-09 12:51:26.881088+00
41730,3330422,2026-09-09 12:51:37.973988+00
41731,3330423,2026-09-09 12:51:37.973988+00
41732,3330424,2026-09-09 12:51:44.739965+00
41734,3330426,2026-09-09 12:51:44.739965+00
41736,3330428,2026-09-09 12:51:51.008955+00
41737,3330429,2026-09-09 12:51:51.008955+00
41739,3330477,2026-09-09 12:51:56.942744+00
41740,3330478,2026-09-09 12:51:56.942744+00
41742,3330480,2026-09-09 12:52:03.419288+00
41744,3330482,2026-09-09 12:52:03.419288+00
41746,3330484,2026-09-09 12:52:09.750607+00
41747,3330485,2026-09-09 12:52:09.750607+00
41748,3330486,2026-09-09 12:52:16.461452+00
41749,3330487,2026-09-09 12:52:16.461452+00
41750,3330488,2026-09-09 12:52:22.935006+00
41751,3330489,2026-09-09 12:52:22.935006+00
41752,3330490,2026-09-09 12:52:29.249661+00
41753,3330491,2026-09-09 12:52:29.249661+00
41754,3330492,2026-09-09 12:52:35.347696+00
41755,3330493,2026-09-09 12:52:35.347696+00
41756,3330494,2026-09-09 12:52:41.103966+00
41760,3330498,2026-09-09 12:52:41.103966+00
41761,3330499,2026-09-09 12:52:46.893755+00
41762,3330500,2026-09-09 12:52:46.893755+00
41763,3330501,2026-09-09 12:52:52.781222+00
41764,3330502,2026-09-09 12:52:52.781222+00
41765,3330503,2026-09-09 12:52:58.667834+00
41766,3330504,2026-09-09 12:52:58.667834+00
41767,3330505,2026-09-09 12:53:04.702938+00
41769,3330507,2026-09-09 12:53:04.702938+00
41770,3330508,2026-09-09 12:53:10.256666+00
41771,3330509,2026-09-09 12:53:10.256666+00
41774,3330512,2026-09-09 12:53:16.001761+00
41775,3330513,2026-09-09 12:53:16.001761+00
41776,3330514,2026-09-09 12:53:21.92018+00
41777,3330515,2026-09-09 12:53:21.92018+00
41778,3330516,2026-09-09 12:53:27.715134+00
41780,3330518,2026-09-09 12:53:27.715134+00
41781,3330519,2026-09-09 12:53:33.371093+00
41783,3330521,2026-09-09 12:53:33.371093+00
41788,3330526,2026-09-09 12:53:38.977558+00
41793,3330531,2026-09-09 12:53:38.977558+00
41795,3330533,2026-09-09 12:53:44.668077+00
41796,3330534,2026-09-09 12:53:44.668077+00
41797,3330535,2026-09-09 12:53:50.669614+00
41801,3330539,2026-09-09 12:53:50.669614+00
41804,3330542,2026-09-09 12:53:56.714637+00
41807,3330545,2026-09-09 12:53:56.714637+00
41810,3330548,2026-09-09 12:54:03.047866+00
41812,3330550,2026-09-09 12:54:03.047866+00
41814,3330552,2026-09-09 12:54:10.029324+00
41816,3330554,2026-09-09 12:54:10.029324+00
41818,3330556,2026-09-09 12:54:16.395145+00
41825,3330563,2026-09-09 12:54:16.395145+00
41831,3330569,2026-09-09 12:54:21.941682+00
41832,3330570,2026-09-09 12:54:21.941682+00
41834,3330572,2026-09-09 12:54:27.719059+00
41842,3340008,2026-09-09 12:54:27.719059+00
41864,3380002,2026-09-09 12:54:33.439603+00
41865,3380003,2026-09-09 12:54:33.439603+00
41867,3380005,2026-09-09 12:54:46.307083+00
42447,3430374,2026-09-09 12:00:27.682675+00
42451,3430378,2026-09-09 12:00:27.682675+00
42452,3430379,2026-09-09 12:05:01.95465+00
42453,3430380,2026-09-09 12:05:01.95465+00
42454,3430381,2026-09-09 12:05:01.95465+00
42455,3430382,2026-09-09 12:49:29.544873+00
42458,3430385,2026-09-09 12:49:29.544873+00
42459,3430386,2026-09-09 12:49:29.544873+00
42460,3430387,2026-09-09 12:49:33.454388+00
42461,3430388,2026-09-09 12:49:33.454388+00
42462,3430389,2026-09-09 12:49:33.454388+00
42463,3430390,2026-09-09 12:49:36.942182+00
42464,3430393,2026-09-09 12:49:36.942182+00
42465,3430394,2026-09-09 12:49:36.942182+00
42466,3430395,2026-09-09 12:49:39.802848+00
42467,3430396,2026-09-09 12:49:39.802848+00
42469,3430398,2026-09-09 12:49:39.802848+00
42470,3430399,2026-09-09 12:49:42.470885+00
42471,3430400,2026-09-09 12:49:42.470885+00
42472,3430401,2026-09-09 12:49:42.470885+00
42473,3430402,2026-09-09 12:49:45.097176+00
42475,3430404,2026-09-09 12:49:45.097176+00
42476,3430405,2026-09-09 12:49:45.097176+00
42477,3430406,2026-09-09 12:49:47.72759+00
42478,3430407,2026-09-09 12:49:47.72759+00
42479,3430408,2026-09-09 12:49:47.72759+00
42480,3430409,2026-09-09 12:49:50.354636+00
42481,3430410,2026-09-09 12:49:50.354636+00
42482,3430411,2026-09-09 12:49:50.354636+00
42483,3430512,2026-09-09 12:49:52.604899+00
42485,3430600,2026-09-09 12:49:52.604899+00
42486,3430601,2026-09-09 12:49:52.604899+00
42487,3430602,2026-09-09 12:49:55.023545+00
42488,3430603,2026-09-09 12:49:55.023545+00
42489,3430604,2026-09-09 12:49:55.023545+00
42490,3430605,2026-09-09 12:49:57.385557+00
42491,3430606,2026-09-09 12:49:57.385557+00
42492,3430607,2026-09-09 12:49:57.385557+00
42494,3430609,2026-09-09 12:50:00.48428+00
42497,3430612,2026-09-09 12:50:00.48428+00
42498,3430613,2026-09-09 12:50:00.48428+00
42499,3430614,2026-09-09 12:50:03.138786+00
42501,3430616,2026-09-09 12:50:03.138786+00
42503,3430618,2026-09-09 12:50:03.138786+00
42506,3430621,2026-09-09 12:50:05.516761+00
42507,3430622,2026-09-09 12:50:05.516761+00
42508,3430623,2026-09-09 12:50:05.516761+00
42509,3430624,2026-09-09 12:50:07.983575+00
42510,3430625,2026-09-09 12:50:07.983575+00
42511,3430626,2026-09-09 12:50:07.983575+00
42515,3430630,2026-09-09 12:50:10.476057+00
42516,3430631,2026-09-09 12:50:10.476057+00
42518,3430676,2026-09-09 12:50:10.476057+00
42519,3430677,2026-09-09 12:50:13.991459+00
42520,3430678,2026-09-09 12:50:13.991459+00
42521,3430679,2026-09-09 12:50:13.991459+00
42522,3430680,2026-09-09 12:50:16.339097+00
42523,3430681,2026-09-09 12:50:16.339097+00
42525,3430683,2026-09-09 12:50:16.339097+00
42526,3430684,2026-09-09 12:50:18.605477+00
42529,3430687,2026-09-09 12:50:18.605477+00
42530,3430688,2026-09-09 12:50:18.605477+00
42531,3430689,2026-09-09 12:50:20.980596+00
42532,3430690,2026-09-09 12:50:20.980596+00
42534,3430692,2026-09-09 12:50:20.980596+00
42535,3430693,2026-09-09 12:50:23.239361+00
42536,3430694,2026-09-09 12:50:23.239361+00
42537,3430695,2026-09-09 12:50:23.239361+00
42538,3430696,2026-09-09 12:50:25.456014+00
42539,3430697,2026-09-09 12:50:25.456014+00
42540,3430698,2026-09-09 12:50:25.456014+00
42545,3430703,2026-09-09 12:50:27.709506+00
42547,3430705,2026-09-09 12:50:27.709506+00
42548,3430706,2026-09-09 12:50:27.709506+00
42549,3430707,2026-09-09 12:50:32.76642+00
42550,3430708,2026-09-09 12:50:32.76642+00
42551,3430709,2026-09-09 12:50:32.76642+00
42552,3430710,2026-09-09 12:50:39.347971+00
42553,3430711,2026-09-09 12:50:39.347971+00
42554,3430712,2026-09-09 12:50:39.347971+00
42555,3430713,2026-09-09 12:50:45.98512+00
42556,3430714,2026-09-09 12:50:45.98512+00
42557,3430715,2026-09-09 12:50:45.98512+00
42559,3430717,2026-09-09 12:50:52.251183+00
42560,3430718,2026-09-09 12:50:52.251183+00
42561,3430719,2026-09-09 12:50:52.251183+00
42562,3430720,2026-09-09 12:50:58.637387+00
42564,3430722,2026-09-09 12:50:58.637387+00
42566,3430724,2026-09-09 12:50:58.637387+00
42568,3430726,2026-09-09 12:51:05.971366+00
42572,3430730,2026-09-09 12:51:05.971366+00
42574,3430732,2026-09-09 12:51:05.971366+00
42575,3430733,2026-09-09 12:51:13.345782+00
42578,3430736,2026-09-09 12:51:13.345782+00
42579,3430737,2026-09-09 12:51:13.345782+00
42580,3430738,2026-09-09 12:51:20.598485+00
42582,3430740,2026-09-09 12:51:20.598485+00
42583,3430741,2026-09-09 12:51:20.598485+00
42585,3430743,2026-09-09 12:51:26.881088+00
42587,3430745,2026-09-09 12:51:26.881088+00
42589,3430747,2026-09-09 12:51:26.881088+00
42590,3430748,2026-09-09 12:51:37.973988+00
42591,3430749,2026-09-09 12:51:37.973988+00
42594,3430752,2026-09-09 12:51:37.973988+00
42595,3430753,2026-09-09 12:51:44.739965+00
42599,3430757,2026-09-09 12:51:44.739965+00
42601,3430759,2026-09-09 12:51:44.739965+00
42602,3430760,2026-09-09 12:51:51.008955+00
42603,3430761,2026-09-09 12:51:51.008955+00
42604,3430762,2026-09-09 12:51:51.008955+00
42606,3430764,2026-09-09 12:51:56.942744+00
42607,3430765,2026-09-09 12:51:56.942744+00
42608,3430766,2026-09-09 12:51:56.942744+00
42610,3430768,2026-09-09 12:52:03.419288+00
42612,3430770,2026-09-09 12:52:03.419288+00
42613,3430771,2026-09-09 12:52:03.419288+00
42614,3430772,2026-09-09 12:52:09.750607+00
42617,3430775,2026-09-09 12:52:09.750607+00
42622,3430780,2026-09-09 12:52:09.750607+00
42625,3430783,2026-09-09 12:52:16.461452+00
42631,3430789,2026-09-09 12:52:16.461452+00
42633,3430791,2026-09-09 12:52:16.461452+00
42635,3430793,2026-09-09 12:52:22.935006+00
42636,3430794,2026-09-09 12:52:22.935006+00
42638,3430796,2026-09-09 12:52:22.935006+00
42668,3480003,2026-09-09 12:52:29.249661+00
42669,3480004,2026-09-09 12:52:29.249661+00
42671,3480008,2026-09-09 12:52:29.249661+00
42672,3480009,2026-09-09 12:52:35.347696+00
42674,3480100,2026-09-09 12:52:35.347696+00
43236,3530319,2026-09-09 12:00:27.682675+00
43240,3530323,2026-09-09 12:05:01.95465+00
43241,3530324,2026-09-09 12:05:01.95465+00
43242,3530325,2026-09-09 12:05:01.95465+00
43243,3530326,2026-09-09 12:05:01.95465+00
43244,3530327,2026-09-09 12:49:29.544873+00
43245,3530328,2026-09-09 12:49:29.544873+00
43246,3530329,2026-09-09 12:49:29.544873+00
43247,3530330,2026-09-09 12:49:29.544873+00
43248,3530331,2026-09-09 12:49:33.454388+00
43249,3530332,2026-09-09 12:49:33.454388+00
43250,3530333,2026-09-09 12:49:33.454388+00
43251,3530334,2026-09-09 12:49:33.454388+00
43252,3530335,2026-09-09 12:49:36.942182+00
43253,3530336,2026-09-09 12:49:36.942182+00
43254,3530337,2026-09-09 12:49:36.942182+00
43255,3530338,2026-09-09 12:49:36.942182+00
43257,3530340,2026-09-09 12:49:39.802848+00
43258,3530341,2026-09-09 12:49:39.802848+00
43259,3530342,2026-09-09 12:49:39.802848+00
43260,3530343,2026-09-09 12:49:39.802848+00
43261,3530344,2026-09-09 12:49:42.470885+00
43262,3530345,2026-09-09 12:49:42.470885+00
43263,3530346,2026-09-09 12:49:42.470885+00
43264,3530347,2026-09-09 12:49:42.470885+00
43265,3530348,2026-09-09 12:49:45.097176+00
43266,3530349,2026-09-09 12:49:45.097176+00
43267,3530350,2026-09-09 12:49:45.097176+00
43269,3530352,2026-09-09 12:49:45.097176+00
43271,3530354,2026-09-09 12:49:47.72759+00
43272,3530355,2026-09-09 12:49:47.72759+00
43273,3530356,2026-09-09 12:49:47.72759+00
43274,3530357,2026-09-09 12:49:47.72759+00
43276,3530359,2026-09-09 12:49:50.354636+00
43277,3530360,2026-09-09 12:49:50.354636+00
43278,3530361,2026-09-09 12:49:50.354636+00
43279,3530362,2026-09-09 12:49:50.354636+00
43280,3530363,2026-09-09 12:49:52.604899+00
43281,3530364,2026-09-09 12:49:52.604899+00
43282,3530365,2026-09-09 12:49:52.604899+00
43283,3530366,2026-09-09 12:49:52.604899+00
43284,3530367,2026-09-09 12:49:55.023545+00
43285,3530368,2026-09-09 12:49:55.023545+00
43286,3530369,2026-09-09 12:49:55.023545+00
43287,3530370,2026-09-09 12:49:55.023545+00
43288,3530371,2026-09-09 12:49:57.385557+00
43289,3530372,2026-09-09 12:49:57.385557+00
43290,3530373,2026-09-09 12:49:57.385557+00
43291,3530374,2026-09-09 12:49:57.385557+00
43292,3530375,2026-09-09 12:50:00.48428+00
43293,3530376,2026-09-09 12:50:00.48428+00
43294,3530377,2026-09-09 12:50:00.48428+00
43296,3530379,2026-09-09 12:50:00.48428+00
43297,3530380,2026-09-09 12:50:03.138786+00
43299,3530382,2026-09-09 12:50:03.138786+00
43300,3530383,2026-09-09 12:50:03.138786+00
43301,3530384,2026-09-09 12:50:03.138786+00
43302,3530385,2026-09-09 12:50:05.516761+00
43303,3530386,2026-09-09 12:50:05.516761+00
43304,3530387,2026-09-09 12:50:05.516761+00
43305,3530388,2026-09-09 12:50:05.516761+00
43306,3530389,2026-09-09 12:50:07.983575+00
43307,3530390,2026-09-09 12:50:07.983575+00
43308,3530391,2026-09-09 12:50:07.983575+00
43310,3530393,2026-09-09 12:50:07.983575+00
43311,3530394,2026-09-09 12:50:10.476057+00
43312,3530395,2026-09-09 12:50:10.476057+00
43313,3530396,2026-09-09 12:50:10.476057+00
43314,3530397,2026-09-09 12:50:10.476057+00
43315,3530398,2026-09-09 12:50:13.991459+00
43317,3530400,2026-09-09 12:50:13.991459+00
43318,3530401,2026-09-09 12:50:13.991459+00
43321,3530404,2026-09-09 12:50:13.991459+00
43322,3530405,2026-09-09 12:50:16.339097+00
43323,3530406,2026-09-09 12:50:16.339097+00
43324,3530407,2026-09-09 12:50:16.339097+00
43325,3530408,2026-09-09 12:50:16.339097+00
43326,3530409,2026-09-09 12:50:18.605477+00
43327,3530410,2026-09-09 12:50:18.605477+00
43328,3530411,2026-09-09 12:50:18.605477+00
43329,3530412,2026-09-09 12:50:18.605477+00
43330,3530413,2026-09-09 12:50:20.980596+00
43331,3530414,2026-09-09 12:50:20.980596+00
43332,3530415,2026-09-09 12:50:20.980596+00
43333,3530416,2026-09-09 12:50:20.980596+00
43334,3530417,2026-09-09 12:50:23.239361+00
43335,3530418,2026-09-09 12:50:23.239361+00
43336,3530419,2026-09-09 12:50:23.239361+00
43337,3530420,2026-09-09 12:50:23.239361+00
43338,3530421,2026-09-09 12:50:25.456014+00
43339,3530422,2026-09-09 12:50:25.456014+00
43340,3530423,2026-09-09 12:50:25.456014+00
43341,3530424,2026-09-09 12:50:25.456014+00
43342,3530425,2026-09-09 12:50:27.709506+00
43344,3530427,2026-09-09 12:50:27.709506+00
43345,3530428,2026-09-09 12:50:27.709506+00
43346,3530429,2026-09-09 12:50:27.709506+00
43347,3530430,2026-09-09 12:50:32.76642+00
43348,3530431,2026-09-09 12:50:32.76642+00
43349,3530432,2026-09-09 12:50:32.76642+00
43350,3530433,2026-09-09 12:50:32.76642+00
43351,3530434,2026-09-09 12:50:39.347971+00
43352,3530435,2026-09-09 12:50:39.347971+00
43353,3530436,2026-09-09 12:50:39.347971+00
43354,3530437,2026-09-09 12:50:39.347971+00
43355,3530438,2026-09-09 12:50:45.98512+00
43357,3530440,2026-09-09 12:50:45.98512+00
43359,3530442,2026-09-09 12:50:45.98512+00
43360,3530443,2026-09-09 12:50:45.98512+00
43361,3530444,2026-09-09 12:50:52.251183+00
43362,3530445,2026-09-09 12:50:52.251183+00
43363,3530446,2026-09-09 12:50:52.251183+00
43364,3530447,2026-09-09 12:50:52.251183+00
43365,3530448,2026-09-09 12:50:58.637387+00
43366,3530449,2026-09-09 12:50:58.637387+00
43367,3530450,2026-09-09 12:50:58.637387+00
43368,3530451,2026-09-09 12:50:58.637387+00
43370,3530453,2026-09-09 12:51:05.971366+00
43372,3530455,2026-09-09 12:51:05.971366+00
43373,3530456,2026-09-09 12:51:05.971366+00
43374,3530457,2026-09-09 12:51:05.971366+00
43376,3530459,2026-09-09 12:51:13.345782+00
43377,3530460,2026-09-09 12:51:13.345782+00
43378,3530461,2026-09-09 12:51:13.345782+00
43379,3530462,2026-09-09 12:51:13.345782+00
43380,3530463,2026-09-09 12:51:20.598485+00
43382,3530465,2026-09-09 12:51:20.598485+00
43383,3530466,2026-09-09 12:51:20.598485+00
43384,3530467,2026-09-09 12:51:20.598485+00
43385,3530468,2026-09-09 12:51:26.881088+00
43386,3530469,2026-09-09 12:51:26.881088+00
43389,3530472,2026-09-09 12:51:26.881088+00
43390,3530473,2026-09-09 12:51:26.881088+00
43391,3530474,2026-09-09 12:51:37.973988+00
43392,3530475,2026-09-09 12:51:37.973988+00
43393,3530476,2026-09-09 12:51:37.973988+00
43394,3530477,2026-09-09 12:51:37.973988+00
43395,3530478,2026-09-09 12:51:44.739965+00
43396,3530479,2026-09-09 12:51:44.739965+00
43397,3530480,2026-09-09 12:51:44.739965+00
43398,3530481,2026-09-09 12:51:44.739965+00
43399,3530482,2026-09-09 12:51:51.008955+00
43401,3530484,2026-09-09 12:51:51.008955+00
43402,3530485,2026-09-09 12:51:51.008955+00
43404,3530487,2026-09-09 12:51:51.008955+00
43405,3530488,2026-09-09 12:51:56.942744+00
43407,3530490,2026-09-09 12:51:56.942744+00
43408,3530491,2026-09-09 12:51:56.942744+00
43409,3530492,2026-09-09 12:51:56.942744+00
43410,3530493,2026-09-09 12:52:03.419288+00
43412,3530495,2026-09-09 12:52:03.419288+00
43413,3530496,2026-09-09 12:52:03.419288+00
43415,3530498,2026-09-09 12:52:03.419288+00
43417,3530500,2026-09-09 12:52:09.750607+00
43418,3530501,2026-09-09 12:52:09.750607+00
43419,3530502,2026-09-09 12:52:09.750607+00
43421,3530504,2026-09-09 12:52:09.750607+00
43422,3530505,2026-09-09 12:52:16.461452+00
43423,3530506,2026-09-09 12:52:16.461452+00
43424,3530507,2026-09-09 12:52:16.461452+00
43425,3530508,2026-09-09 12:52:16.461452+00
43426,3530509,2026-09-09 12:52:22.935006+00
43427,3530510,2026-09-09 12:52:22.935006+00
43428,3530511,2026-09-09 12:52:22.935006+00
43429,3530512,2026-09-09 12:52:22.935006+00
43430,3530513,2026-09-09 12:52:29.249661+00
43431,3530514,2026-09-09 12:52:29.249661+00
43432,3530515,2026-09-09 12:52:29.249661+00
43433,3530516,2026-09-09 12:52:29.249661+00
43434,3530517,2026-09-09 12:52:35.347696+00
43436,3530519,2026-09-09 12:52:35.347696+00
43437,3530520,2026-09-09 12:52:35.347696+00
43438,3530521,2026-09-09 12:52:35.347696+00
43440,3530523,2026-09-09 12:52:41.103966+00
43441,3530524,2026-09-09 12:52:41.103966+00
43443,3530526,2026-09-09 12:52:41.103966+00
43445,3530528,2026-09-09 12:52:41.103966+00
43446,3530529,2026-09-09 12:52:46.893755+00
43447,3530530,2026-09-09 12:52:46.893755+00
43448,3530531,2026-09-09 12:52:46.893755+00
43450,3530533,2026-09-09 12:52:46.893755+00
43451,3530534,2026-09-09 12:52:52.781222+00
43452,3530535,2026-09-09 12:52:52.781222+00
43453,3530536,2026-09-09 12:52:52.781222+00
43454,3530537,2026-09-09 12:52:52.781222+00
43455,3530538,2026-09-09 12:52:58.667834+00
43456,3530539,2026-09-09 12:52:58.667834+00
43457,3530540,2026-09-09 12:52:58.667834+00
43458,3530541,2026-09-09 12:52:58.667834+00
43459,3530542,2026-09-09 12:53:04.702938+00
43460,3530543,2026-09-09 12:53:04.702938+00
43461,3530544,2026-09-09 12:53:04.702938+00
43462,3530545,2026-09-09 12:53:04.702938+00
43463,3530546,2026-09-09 12:53:10.256666+00
43464,3530547,2026-09-09 12:53:10.256666+00
43465,3530548,2026-09-09 12:53:10.256666+00
43466,3530549,2026-09-09 12:53:10.256666+00
43467,3530550,2026-09-09 12:53:16.001761+00
43468,3530551,2026-09-09 12:53:16.001761+00
43469,3530552,2026-09-09 12:53:16.001761+00
43471,3530554,2026-09-09 12:53:16.001761+00
43472,3530555,2026-09-09 12:53:21.92018+00
43473,3530556,2026-09-09 12:53:21.92018+00
43474,3530557,2026-09-09 12:53:21.92018+00
43475,3530558,2026-09-09 12:53:21.92018+00
43478,3530562,2026-09-09 12:53:27.715134+00
43479,3530563,2026-09-09 12:53:27.715134+00
43480,3530564,2026-09-09 12:53:27.715134+00
43481,3530565,2026-09-09 12:53:27.715134+00
43482,3530566,2026-09-09 12:53:33.371093+00
43483,3530567,2026-09-09 12:53:33.371093+00
43484,3530568,2026-09-09 12:53:33.371093+00
43485,3530569,2026-09-09 12:53:33.371093+00
43486,3530570,2026-09-09 12:53:38.977558+00
43487,3530571,2026-09-09 12:53:38.977558+00
43489,3530573,2026-09-09 12:53:38.977558+00
43490,3530574,2026-09-09 12:53:38.977558+00
43491,3530575,2026-09-09 12:53:44.668077+00
43493,3530577,2026-09-09 12:53:44.668077+00
43494,3530578,2026-09-09 12:53:44.668077+00
43495,3530579,2026-09-09 12:53:44.668077+00
43496,3530580,2026-09-09 12:53:50.669614+00
43497,3530581,2026-09-09 12:53:50.669614+00
43498,3530582,2026-09-09 12:53:50.669614+00
43499,3530583,2026-09-09 12:53:50.669614+00
43501,3530585,2026-09-09 12:53:56.714637+00
43502,3530586,2026-09-09 12:53:56.714637+00
43503,3530587,2026-09-09 12:53:56.714637+00
43505,3530589,2026-09-09 12:53:56.714637+00
43506,3530590,2026-09-09 12:54:03.047866+00
43507,3530591,2026-09-09 12:54:03.047866+00
43508,3530592,2026-09-09 12:54:03.047866+00
43509,3530593,2026-09-09 12:54:03.047866+00
43510,3530595,2026-09-09 12:54:10.029324+00
43512,3530597,2026-09-09 12:54:10.029324+00
43513,3530598,2026-09-09 12:54:10.029324+00
43514,3530599,2026-09-09 12:54:10.029324+00
43515,3530600,2026-09-09 12:54:16.395145+00
43517,3530602,2026-09-09 12:54:16.395145+00
43518,3530603,2026-09-09 12:54:16.395145+00
43519,3530604,2026-09-09 12:54:16.395145+00
43520,3530605,2026-09-09 12:54:21.941682+00
43521,3530606,2026-09-09 12:54:21.941682+00
43522,3530607,2026-09-09 12:54:21.941682+00
43523,3530608,2026-09-09 12:54:21.941682+00
43524,3530609,2026-09-09 12:54:27.719059+00
43525,3530654,2026-09-09 12:54:27.719059+00
43526,3530655,2026-09-09 12:54:27.719059+00
43527,3530656,2026-09-09 12:54:27.719059+00
43528,3530657,2026-09-09 12:54:33.439603+00
43529,3530658,2026-09-09 12:54:33.439603+00
43531,3530660,2026-09-09 12:54:33.439603+00
43532,3530661,2026-09-09 12:54:33.439603+00
43536,3530665,2026-09-09 12:54:46.307083+00
43537,3530666,2026-09-09 12:54:46.307083+00
43539,3530668,2026-09-09 12:54:46.307083+00
43540,3530669,2026-09-09 12:54:46.307083+00
43541,3530670,2026-09-09 12:54:53.797754+00
43542,3530671,2026-09-09 12:54:53.797754+00
43543,3530672,2026-09-09 12:54:53.797754+00
43544,3530673,2026-09-09 12:54:53.797754+00
43545,3530674,2026-09-09 12:55:02.695001+00
43547,3530676,2026-09-09 12:55:02.695001+00
43548,3530677,2026-09-09 12:55:02.695001+00
43549,3530678,2026-09-09 12:55:02.695001+00
43550,3530679,2026-09-09 12:55:11.455986+00
43551,3530680,2026-09-09 12:55:11.455986+00
43552,3530681,2026-09-09 12:55:11.455986+00
43553,3530682,2026-09-09 12:55:11.455986+00
43554,3530683,2026-09-09 12:55:19.999762+00
43555,3530684,2026-09-09 12:55:19.999762+00
43556,3530685,2026-09-09 12:55:19.999762+00
43557,3530686,2026-09-09 12:55:19.999762+00
43558,3530687,2026-09-09 12:55:26.831793+00
43560,3530689,2026-09-09 12:55:26.831793+00
43561,3530690,2026-09-09 12:55:26.831793+00
43563,3530692,2026-09-09 12:55:26.831793+00
43565,3530694,2026-09-09 12:55:35.040256+00
43567,3530696,2026-09-09 12:55:35.040256+00
43568,3530697,2026-09-09 12:55:35.040256+00
43569,3530698,2026-09-09 12:55:35.040256+00
43570,3530699,2026-09-09 12:55:43.47731+00
43572,3530701,2026-09-09 12:55:43.47731+00
43573,3530702,2026-09-09 12:55:43.47731+00
43576,3530705,2026-09-09 12:55:43.47731+00
43577,3530706,2026-09-09 12:55:52.558835+00
43578,3530707,2026-09-09 12:55:52.558835+00
43580,3530709,2026-09-09 12:55:52.558835+00
43581,3530710,2026-09-09 12:55:52.558835+00
43593,3530722,2026-09-09 12:56:17.064444+00
45002,430426,2026-09-09 12:05:01.95465+00
45003,430427,2026-09-09 12:05:01.95465+00
45008,430433,2026-09-09 12:05:01.95465+00
45009,430434,2026-09-09 12:49:29.544873+00
45010,430435,2026-09-09 12:49:29.544873+00
45011,430436,2026-09-09 12:49:29.544873+00
45014,430439,2026-09-09 12:49:33.454388+00
45015,430441,2026-09-09 12:49:33.454388+00
45016,430442,2026-09-09 12:49:33.454388+00
45017,430443,2026-09-09 12:49:36.942182+00
45018,430444,2026-09-09 12:49:36.942182+00
45019,430445,2026-09-09 12:49:36.942182+00
45020,430446,2026-09-09 12:49:39.802848+00
45023,430449,2026-09-09 12:49:39.802848+00
45024,430450,2026-09-09 12:49:39.802848+00
45025,430451,2026-09-09 12:49:42.470885+00
45026,430452,2026-09-09 12:49:42.470885+00
45027,430453,2026-09-09 12:49:42.470885+00
45028,430454,2026-09-09 12:49:45.097176+00
45029,430455,2026-09-09 12:49:45.097176+00
45030,430456,2026-09-09 12:49:45.097176+00
45034,430460,2026-09-09 12:49:47.72759+00
45035,430461,2026-09-09 12:49:47.72759+00
45036,430462,2026-09-09 12:49:47.72759+00
45037,430463,2026-09-09 12:49:50.354636+00
45038,430464,2026-09-09 12:49:50.354636+00
45039,430465,2026-09-09 12:49:50.354636+00
45040,430466,2026-09-09 12:49:52.604899+00
45045,430471,2026-09-09 12:49:52.604899+00
45046,430472,2026-09-09 12:49:52.604899+00
45048,430474,2026-09-09 12:49:55.023545+00
45049,430475,2026-09-09 12:49:55.023545+00
45050,430477,2026-09-09 12:49:55.023545+00
45053,430480,2026-09-09 12:49:57.385557+00
45055,430482,2026-09-09 12:49:57.385557+00
45056,430483,2026-09-09 12:49:57.385557+00
45057,430484,2026-09-09 12:50:00.48428+00
45059,430486,2026-09-09 12:50:00.48428+00
45063,430490,2026-09-09 12:50:00.48428+00
45064,430491,2026-09-09 12:50:03.138786+00
45065,430492,2026-09-09 12:50:03.138786+00
45066,430493,2026-09-09 12:50:03.138786+00
45067,430494,2026-09-09 12:50:05.516761+00
45069,430496,2026-09-09 12:50:05.516761+00
45070,430497,2026-09-09 12:50:05.516761+00
45071,430498,2026-09-09 12:50:07.983575+00
45073,430500,2026-09-09 12:50:07.983575+00
45075,430502,2026-09-09 12:50:07.983575+00
45076,430503,2026-09-09 12:50:10.476057+00
45077,430544,2026-09-09 12:50:10.476057+00
45078,430545,2026-09-09 12:50:10.476057+00
45080,430547,2026-09-09 12:50:13.991459+00
45082,430549,2026-09-09 12:50:13.991459+00
45083,430550,2026-09-09 12:50:13.991459+00
45085,430552,2026-09-09 12:50:16.339097+00
45086,430553,2026-09-09 12:50:16.339097+00
45087,430554,2026-09-09 12:50:16.339097+00
45089,430556,2026-09-09 12:50:18.605477+00
45090,430557,2026-09-09 12:50:18.605477+00
45091,430558,2026-09-09 12:50:18.605477+00
45093,430560,2026-09-09 12:50:20.980596+00
45098,430565,2026-09-09 12:50:20.980596+00
45100,430567,2026-09-09 12:50:20.980596+00
45101,430568,2026-09-09 12:50:23.239361+00
45102,430569,2026-09-09 12:50:23.239361+00
45103,430570,2026-09-09 12:50:23.239361+00
45106,430573,2026-09-09 12:50:25.456014+00
45108,430575,2026-09-09 12:50:25.456014+00
45109,430576,2026-09-09 12:50:25.456014+00
45112,430579,2026-09-09 12:50:27.709506+00
45113,430580,2026-09-09 12:50:27.709506+00
45115,430582,2026-09-09 12:50:27.709506+00
45116,430583,2026-09-09 12:50:32.76642+00
45118,430585,2026-09-09 12:50:32.76642+00
45119,430586,2026-09-09 12:50:32.76642+00
45120,430587,2026-09-09 12:50:39.347971+00
45121,430588,2026-09-09 12:50:39.347971+00
45125,430592,2026-09-09 12:50:39.347971+00
45126,430593,2026-09-09 12:50:45.98512+00
45127,430594,2026-09-09 12:50:45.98512+00
45129,430596,2026-09-09 12:50:45.98512+00
45131,430598,2026-09-09 12:50:52.251183+00
45132,430599,2026-09-09 12:50:52.251183+00
45133,430600,2026-09-09 12:50:52.251183+00
45134,430601,2026-09-09 12:50:58.637387+00
45137,430604,2026-09-09 12:50:58.637387+00
45138,430605,2026-09-09 12:50:58.637387+00
45139,430606,2026-09-09 12:51:05.971366+00
45141,430608,2026-09-09 12:51:05.971366+00
45142,430609,2026-09-09 12:51:05.971366+00
45146,430613,2026-09-09 12:51:13.345782+00
45149,430616,2026-09-09 12:51:13.345782+00
45150,430617,2026-09-09 12:51:13.345782+00
45153,430620,2026-09-09 12:51:20.598485+00
45155,430622,2026-09-09 12:51:20.598485+00
45156,430623,2026-09-09 12:51:20.598485+00
45157,430624,2026-09-09 12:51:26.881088+00
45159,430626,2026-09-09 12:51:26.881088+00
45160,430627,2026-09-09 12:51:26.881088+00
45161,430628,2026-09-09 12:51:37.973988+00
45162,430629,2026-09-09 12:51:37.973988+00
45164,430631,2026-09-09 12:51:37.973988+00
45171,430638,2026-09-09 12:51:44.739965+00
45172,430639,2026-09-09 12:51:44.739965+00
45173,430640,2026-09-09 12:51:44.739965+00
45175,430642,2026-09-09 12:51:51.008955+00
45177,430644,2026-09-09 12:51:51.008955+00
45179,430646,2026-09-09 12:51:51.008955+00
45180,430647,2026-09-09 12:51:56.942744+00
45181,430648,2026-09-09 12:51:56.942744+00
45182,430649,2026-09-09 12:51:56.942744+00
45183,430650,2026-09-09 12:52:03.419288+00
45185,430652,2026-09-09 12:52:03.419288+00
45187,430654,2026-09-09 12:52:03.419288+00
45189,430656,2026-09-09 12:52:09.750607+00
45193,430660,2026-09-09 12:52:09.750607+00
45197,430664,2026-09-09 12:52:09.750607+00
45199,430666,2026-09-09 12:52:16.461452+00
45200,430667,2026-09-09 12:52:16.461452+00
45201,430668,2026-09-09 12:52:16.461452+00
45205,430672,2026-09-09 12:52:22.935006+00
45207,430674,2026-09-09 12:52:22.935006+00
45208,430675,2026-09-09 12:52:22.935006+00
45211,430678,2026-09-09 12:52:29.249661+00
45213,430680,2026-09-09 12:52:29.249661+00
45215,430682,2026-09-09 12:52:29.249661+00
45218,430685,2026-09-09 12:52:35.347696+00
45220,430687,2026-09-09 12:52:35.347696+00
45238,440016,2026-09-09 12:52:35.347696+00
45240,440018,2026-09-09 12:52:41.103966+00
45243,440021,2026-09-09 12:52:41.103966+00
45249,440027,2026-09-09 12:52:41.103966+00
45255,440151,2026-09-09 12:52:46.893755+00
45256,440152,2026-09-09 12:52:46.893755+00
45257,480001,2026-09-09 12:52:46.893755+00
45258,480003,2026-09-09 12:52:52.781222+00
45259,480004,2026-09-09 12:52:52.781222+00
45261,480006,2026-09-09 12:52:52.781222+00
45262,480007,2026-09-09 12:52:58.667834+00
45674,530053,2026-09-09 12:00:27.682675+00
45675,530054,2026-09-09 12:00:27.682675+00
45677,530056,2026-09-09 12:05:01.95465+00
45678,530057,2026-09-09 12:05:01.95465+00
45679,530058,2026-09-09 12:05:01.95465+00
45680,530059,2026-09-09 12:49:29.544873+00
45681,530061,2026-09-09 12:49:29.544873+00
45682,530062,2026-09-09 12:49:29.544873+00
45683,530063,2026-09-09 12:49:33.454388+00
45684,530064,2026-09-09 12:49:33.454388+00
45685,530065,2026-09-09 12:49:33.454388+00
45686,530066,2026-09-09 12:49:36.942182+00
45688,530068,2026-09-09 12:49:36.942182+00
45689,530069,2026-09-09 12:49:36.942182+00
45690,530070,2026-09-09 12:49:39.802848+00
45691,530071,2026-09-09 12:49:39.802848+00
45692,530072,2026-09-09 12:49:39.802848+00
45693,530073,2026-09-09 12:49:42.470885+00
45694,530074,2026-09-09 12:49:42.470885+00
45695,530075,2026-09-09 12:49:42.470885+00
45697,530077,2026-09-09 12:49:45.097176+00
45698,530078,2026-09-09 12:49:45.097176+00
45699,530079,2026-09-09 12:49:45.097176+00
45700,530080,2026-09-09 12:49:47.72759+00
45701,530081,2026-09-09 12:49:47.72759+00
45703,530083,2026-09-09 12:49:47.72759+00
45704,530084,2026-09-09 12:49:50.354636+00
45705,530085,2026-09-09 12:49:50.354636+00
45706,530086,2026-09-09 12:49:50.354636+00
45707,530087,2026-09-09 12:49:52.604899+00
45708,530088,2026-09-09 12:49:52.604899+00
45709,530089,2026-09-09 12:49:52.604899+00
45710,530090,2026-09-09 12:49:55.023545+00
45711,530091,2026-09-09 12:49:55.023545+00
45712,530092,2026-09-09 12:49:55.023545+00
45713,530094,2026-09-09 12:49:57.385557+00
45714,530095,2026-09-09 12:49:57.385557+00
45715,530096,2026-09-09 12:49:57.385557+00
45716,530097,2026-09-09 12:50:00.48428+00
45717,530098,2026-09-09 12:50:00.48428+00
45718,530099,2026-09-09 12:50:00.48428+00
45719,530100,2026-09-09 12:50:03.138786+00
45720,530101,2026-09-09 12:50:03.138786+00
45721,530102,2026-09-09 12:50:03.138786+00
45722,530103,2026-09-09 12:50:05.516761+00
45723,530104,2026-09-09 12:50:05.516761+00
45724,530105,2026-09-09 12:50:05.516761+00
45725,530106,2026-09-09 12:50:07.983575+00
45726,530107,2026-09-09 12:50:07.983575+00
45727,530108,2026-09-09 12:50:07.983575+00
45728,530109,2026-09-09 12:50:10.476057+00
45729,530110,2026-09-09 12:50:10.476057+00
45731,530112,2026-09-09 12:50:10.476057+00
45732,530113,2026-09-09 12:50:13.991459+00
45733,530114,2026-09-09 12:50:13.991459+00
45734,530115,2026-09-09 12:50:13.991459+00
45735,530116,2026-09-09 12:50:16.339097+00
45736,530117,2026-09-09 12:50:16.339097+00
45738,530121,2026-09-09 12:50:16.339097+00
45739,530122,2026-09-09 12:50:18.605477+00
45740,530123,2026-09-09 12:50:18.605477+00
45741,530124,2026-09-09 12:50:18.605477+00
45742,530125,2026-09-09 12:50:20.980596+00
45744,530127,2026-09-09 12:50:20.980596+00
45745,530128,2026-09-09 12:50:20.980596+00
45746,530130,2026-09-09 12:50:23.239361+00
45747,530131,2026-09-09 12:50:23.239361+00
45748,530132,2026-09-09 12:50:23.239361+00
45749,530133,2026-09-09 12:50:25.456014+00
45751,530135,2026-09-09 12:50:25.456014+00
45752,530136,2026-09-09 12:50:25.456014+00
45753,530137,2026-09-09 12:50:27.709506+00
45754,530138,2026-09-09 12:50:27.709506+00
45755,530139,2026-09-09 12:50:27.709506+00
45756,530140,2026-09-09 12:50:32.76642+00
45757,530141,2026-09-09 12:50:32.76642+00
45759,530143,2026-09-09 12:50:32.76642+00
45760,530144,2026-09-09 12:50:39.347971+00
45761,530145,2026-09-09 12:50:39.347971+00
45762,530146,2026-09-09 12:50:39.347971+00
45763,530147,2026-09-09 12:50:45.98512+00
45764,530148,2026-09-09 12:50:45.98512+00
45765,530149,2026-09-09 12:50:45.98512+00
45766,530150,2026-09-09 12:50:52.251183+00
45768,530152,2026-09-09 12:50:52.251183+00
45769,530153,2026-09-09 12:50:52.251183+00
45770,530154,2026-09-09 12:50:58.637387+00
45771,530155,2026-09-09 12:50:58.637387+00
45772,530156,2026-09-09 12:50:58.637387+00
45773,530157,2026-09-09 12:51:05.971366+00
45774,530158,2026-09-09 12:51:05.971366+00
45775,530159,2026-09-09 12:51:05.971366+00
45776,530160,2026-09-09 12:51:13.345782+00
45777,530161,2026-09-09 12:51:13.345782+00
45778,530162,2026-09-09 12:51:13.345782+00
45779,530163,2026-09-09 12:51:20.598485+00
45780,530164,2026-09-09 12:51:20.598485+00
45781,530165,2026-09-09 12:51:20.598485+00
45782,530166,2026-09-09 12:51:26.881088+00
45783,530167,2026-09-09 12:51:26.881088+00
45784,530168,2026-09-09 12:51:26.881088+00
45785,530169,2026-09-09 12:51:37.973988+00
45788,530172,2026-09-09 12:51:37.973988+00
45789,530173,2026-09-09 12:51:37.973988+00
45790,530174,2026-09-09 12:51:44.739965+00
45791,530175,2026-09-09 12:51:44.739965+00
45792,530176,2026-09-09 12:51:44.739965+00
45794,530178,2026-09-09 12:51:51.008955+00
45795,530179,2026-09-09 12:51:51.008955+00
45796,530180,2026-09-09 12:51:51.008955+00
45797,530181,2026-09-09 12:51:56.942744+00
45798,530182,2026-09-09 12:51:56.942744+00
45799,530183,2026-09-09 12:51:56.942744+00
45800,530184,2026-09-09 12:52:03.419288+00
45801,530185,2026-09-09 12:52:03.419288+00
45802,530186,2026-09-09 12:52:03.419288+00
45803,530188,2026-09-09 12:52:09.750607+00
45804,530189,2026-09-09 12:52:09.750607+00
45805,530190,2026-09-09 12:52:09.750607+00
45806,530191,2026-09-09 12:52:16.461452+00
45807,530192,2026-09-09 12:52:16.461452+00
45810,530195,2026-09-09 12:52:16.461452+00
45811,530196,2026-09-09 12:52:22.935006+00
45812,530197,2026-09-09 12:52:22.935006+00
45813,530198,2026-09-09 12:52:22.935006+00
45814,530199,2026-09-09 12:52:29.249661+00
45815,530200,2026-09-09 12:52:29.249661+00
45816,530201,2026-09-09 12:52:29.249661+00
45817,530202,2026-09-09 12:52:35.347696+00
45818,530204,2026-09-09 12:52:35.347696+00
45819,530205,2026-09-09 12:52:35.347696+00
45820,530206,2026-09-09 12:52:41.103966+00
45821,530207,2026-09-09 12:52:41.103966+00
45822,530208,2026-09-09 12:52:41.103966+00
45823,530209,2026-09-09 12:52:46.893755+00
45824,530210,2026-09-09 12:52:46.893755+00
45825,530211,2026-09-09 12:52:46.893755+00
45827,530213,2026-09-09 12:52:52.781222+00
45828,530214,2026-09-09 12:52:52.781222+00
45829,530215,2026-09-09 12:52:52.781222+00
45830,530216,2026-09-09 12:52:58.667834+00
45832,530218,2026-09-09 12:52:58.667834+00
45833,530219,2026-09-09 12:52:58.667834+00
45834,530220,2026-09-09 12:53:04.702938+00
45835,530221,2026-09-09 12:53:04.702938+00
45836,530222,2026-09-09 12:53:04.702938+00
45837,530224,2026-09-09 12:53:10.256666+00
45838,530225,2026-09-09 12:53:10.256666+00
45839,530226,2026-09-09 12:53:10.256666+00
45840,530227,2026-09-09 12:53:16.001761+00
45841,530228,2026-09-09 12:53:16.001761+00
45842,530229,2026-09-09 12:53:16.001761+00
45843,530230,2026-09-09 12:53:21.92018+00
45844,530231,2026-09-09 12:53:21.92018+00
45845,530232,2026-09-09 12:53:21.92018+00
45846,530233,2026-09-09 12:53:27.715134+00
45848,530235,2026-09-09 12:53:27.715134+00
45850,530237,2026-09-09 12:53:27.715134+00
45851,530238,2026-09-09 12:53:33.371093+00
45852,530239,2026-09-09 12:53:33.371093+00
45853,530240,2026-09-09 12:53:33.371093+00
45854,530241,2026-09-09 12:53:38.977558+00
45855,530242,2026-09-09 12:53:38.977558+00
45856,530243,2026-09-09 12:53:38.977558+00
45857,530244,2026-09-09 12:53:44.668077+00
45858,530245,2026-09-09 12:53:44.668077+00
45859,530246,2026-09-09 12:53:44.668077+00
45861,530249,2026-09-09 12:53:50.669614+00
45862,530250,2026-09-09 12:53:50.669614+00
45863,530251,2026-09-09 12:53:50.669614+00
45864,530252,2026-09-09 12:53:56.714637+00
45866,530254,2026-09-09 12:53:56.714637+00
45867,530255,2026-09-09 12:53:56.714637+00
45868,530256,2026-09-09 12:54:03.047866+00
45871,530259,2026-09-09 12:54:03.047866+00
45872,530260,2026-09-09 12:54:03.047866+00
45873,530261,2026-09-09 12:54:10.029324+00
45874,530263,2026-09-09 12:54:10.029324+00
45875,530264,2026-09-09 12:54:10.029324+00
45876,530265,2026-09-09 12:54:16.395145+00
45877,530266,2026-09-09 12:54:16.395145+00
45878,530267,2026-09-09 12:54:16.395145+00
45879,530268,2026-09-09 12:54:21.941682+00
45881,530270,2026-09-09 12:54:21.941682+00
45882,530271,2026-09-09 12:54:21.941682+00
45883,530272,2026-09-09 12:54:27.719059+00
45884,530273,2026-09-09 12:54:27.719059+00
45885,530274,2026-09-09 12:54:27.719059+00
45886,530275,2026-09-09 12:54:33.439603+00
45887,530276,2026-09-09 12:54:33.439603+00
45889,530278,2026-09-09 12:54:33.439603+00
45890,530279,2026-09-09 12:54:46.307083+00
45892,530281,2026-09-09 12:54:46.307083+00
45894,530283,2026-09-09 12:54:46.307083+00
45895,530285,2026-09-09 12:54:53.797754+00
45896,530286,2026-09-09 12:54:53.797754+00
45897,530287,2026-09-09 12:54:53.797754+00
45899,530289,2026-09-09 12:55:02.695001+00
45900,530290,2026-09-09 12:55:02.695001+00
45902,530292,2026-09-09 12:55:02.695001+00
45903,530293,2026-09-09 12:55:11.455986+00
45904,530294,2026-09-09 12:55:11.455986+00
45905,530295,2026-09-09 12:55:11.455986+00
45906,530296,2026-09-09 12:55:19.999762+00
45908,530298,2026-09-09 12:55:19.999762+00
45911,530301,2026-09-09 12:55:19.999762+00
45912,530302,2026-09-09 12:55:26.831793+00
45913,530303,2026-09-09 12:55:26.831793+00
45914,530304,2026-09-09 12:55:26.831793+00
45915,530305,2026-09-09 12:55:35.040256+00
45916,530306,2026-09-09 12:55:35.040256+00
45917,530307,2026-09-09 12:55:35.040256+00
45918,530308,2026-09-09 12:55:43.47731+00
45920,530310,2026-09-09 12:55:43.47731+00
45921,530311,2026-09-09 12:55:43.47731+00
45922,530312,2026-09-09 12:55:52.558835+00
45923,530313,2026-09-09 12:55:52.558835+00
45924,530314,2026-09-09 12:55:52.558835+00
45927,530317,2026-09-09 12:56:17.064444+00
48498,630331,2026-09-09 12:05:01.95465+00
51371,930505,2026-09-09 12:00:27.682675+00
51373,930507,2026-09-09 12:00:27.682675+00
51374,930508,2026-09-09 12:05:01.95465+00
51375,930509,2026-09-09 12:05:01.95465+00
51377,930511,2026-09-09 12:05:01.95465+00
51379,930513,2026-09-09 12:05:01.95465+00
51380,930514,2026-09-09 12:49:29.544873+00
51383,930517,2026-09-09 12:49:29.544873+00
51388,930522,2026-09-09 12:49:29.544873+00
51390,930524,2026-09-09 12:49:29.544873+00
51391,930525,2026-09-09 12:49:33.454388+00
51392,930526,2026-09-09 12:49:33.454388+00
51393,930527,2026-09-09 12:49:33.454388+00
51394,930528,2026-09-09 12:49:33.454388+00
51395,930529,2026-09-09 12:49:36.942182+00
51396,930530,2026-09-09 12:49:36.942182+00
51397,930531,2026-09-09 12:49:36.942182+00
51398,930532,2026-09-09 12:49:36.942182+00
51400,930534,2026-09-09 12:49:39.802848+00
51402,930536,2026-09-09 12:49:39.802848+00
51404,930538,2026-09-09 12:49:39.802848+00
51405,930539,2026-09-09 12:49:39.802848+00
51406,930540,2026-09-09 12:49:42.470885+00
51407,930541,2026-09-09 12:49:42.470885+00
51408,930542,2026-09-09 12:49:42.470885+00
51409,930543,2026-09-09 12:49:42.470885+00
51410,930544,2026-09-09 12:49:45.097176+00
51412,930546,2026-09-09 12:49:45.097176+00
51413,930547,2026-09-09 12:49:45.097176+00
51414,930548,2026-09-09 12:49:45.097176+00
51415,930549,2026-09-09 12:49:47.72759+00
51417,930551,2026-09-09 12:49:47.72759+00
51419,930553,2026-09-09 12:49:47.72759+00
51420,930554,2026-09-09 12:49:47.72759+00
51421,930555,2026-09-09 12:49:50.354636+00
51423,930557,2026-09-09 12:49:50.354636+00
51424,930558,2026-09-09 12:49:50.354636+00
51427,930561,2026-09-09 12:49:50.354636+00
51428,930562,2026-09-09 12:49:52.604899+00
51429,930563,2026-09-09 12:49:52.604899+00
51430,930564,2026-09-09 12:49:52.604899+00
51431,930565,2026-09-09 12:49:52.604899+00
51432,930566,2026-09-09 12:49:55.023545+00
51434,930568,2026-09-09 12:49:55.023545+00
51435,930569,2026-09-09 12:49:55.023545+00
51436,930570,2026-09-09 12:49:55.023545+00
51438,930572,2026-09-09 12:49:57.385557+00
51441,930575,2026-09-09 12:49:57.385557+00
51443,930577,2026-09-09 12:49:57.385557+00
51444,930578,2026-09-09 12:49:57.385557+00
51445,930579,2026-09-09 12:50:00.48428+00
51447,930581,2026-09-09 12:50:00.48428+00
51448,930582,2026-09-09 12:50:00.48428+00
51449,930583,2026-09-09 12:50:00.48428+00
51451,930585,2026-09-09 12:50:03.138786+00
51452,930586,2026-09-09 12:50:03.138786+00
51454,930588,2026-09-09 12:50:03.138786+00
51455,930589,2026-09-09 12:50:03.138786+00
51456,930590,2026-09-09 12:50:05.516761+00
51457,930591,2026-09-09 12:50:05.516761+00
51458,930592,2026-09-09 12:50:05.516761+00
51459,930593,2026-09-09 12:50:05.516761+00
51460,930594,2026-09-09 12:50:07.983575+00
51462,930596,2026-09-09 12:50:07.983575+00
51463,930597,2026-09-09 12:50:07.983575+00
51464,930598,2026-09-09 12:50:07.983575+00
51466,930600,2026-09-09 12:50:10.476057+00
51467,930601,2026-09-09 12:50:10.476057+00
51468,930602,2026-09-09 12:50:10.476057+00
51470,930604,2026-09-09 12:50:10.476057+00
51471,930605,2026-09-09 12:50:13.991459+00
51475,930609,2026-09-09 12:50:13.991459+00
51476,930610,2026-09-09 12:50:13.991459+00
51477,930611,2026-09-09 12:50:13.991459+00
51478,930612,2026-09-09 12:50:16.339097+00
51479,930613,2026-09-09 12:50:16.339097+00
51480,930614,2026-09-09 12:50:16.339097+00
51481,930615,2026-09-09 12:50:16.339097+00
51482,930616,2026-09-09 12:50:18.605477+00
51483,930617,2026-09-09 12:50:18.605477+00
51484,930618,2026-09-09 12:50:18.605477+00
51485,930619,2026-09-09 12:50:18.605477+00
51487,930621,2026-09-09 12:50:20.980596+00
51488,930622,2026-09-09 12:50:20.980596+00
51489,930623,2026-09-09 12:50:20.980596+00
51490,930624,2026-09-09 12:50:20.980596+00
51491,930625,2026-09-09 12:50:23.239361+00
51492,930626,2026-09-09 12:50:23.239361+00
51493,930627,2026-09-09 12:50:23.239361+00
51495,930629,2026-09-09 12:50:23.239361+00
51496,930630,2026-09-09 12:50:25.456014+00
51497,930631,2026-09-09 12:50:25.456014+00
51498,930632,2026-09-09 12:50:25.456014+00
51499,930633,2026-09-09 12:50:25.456014+00
51500,930634,2026-09-09 12:50:27.709506+00
51504,930638,2026-09-09 12:50:27.709506+00
51505,930639,2026-09-09 12:50:27.709506+00
51507,930641,2026-09-09 12:50:27.709506+00
51508,930642,2026-09-09 12:50:32.76642+00
51509,930643,2026-09-09 12:50:32.76642+00
51510,930644,2026-09-09 12:50:32.76642+00
51511,930645,2026-09-09 12:50:32.76642+00
51512,930646,2026-09-09 12:50:39.347971+00
51513,930647,2026-09-09 12:50:39.347971+00
51517,930651,2026-09-09 12:50:39.347971+00
51519,930653,2026-09-09 12:50:39.347971+00
51520,930654,2026-09-09 12:50:45.98512+00
51521,930655,2026-09-09 12:50:45.98512+00
51522,930656,2026-09-09 12:50:45.98512+00
51523,930657,2026-09-09 12:50:45.98512+00
51524,930658,2026-09-09 12:50:52.251183+00
51526,930660,2026-09-09 12:50:52.251183+00
51529,930663,2026-09-09 12:50:52.251183+00
51530,930664,2026-09-09 12:50:52.251183+00
51531,930665,2026-09-09 12:50:58.637387+00
51532,930666,2026-09-09 12:50:58.637387+00
51533,930667,2026-09-09 12:50:58.637387+00
51534,930668,2026-09-09 12:50:58.637387+00
51536,930670,2026-09-09 12:51:05.971366+00
51537,930671,2026-09-09 12:51:05.971366+00
51538,930672,2026-09-09 12:51:05.971366+00
51539,930673,2026-09-09 12:51:05.971366+00
51541,930675,2026-09-09 12:51:13.345782+00
51543,930677,2026-09-09 12:51:13.345782+00
51544,930678,2026-09-09 12:51:13.345782+00
51545,930679,2026-09-09 12:51:13.345782+00
51546,930680,2026-09-09 12:51:20.598485+00
51547,930681,2026-09-09 12:51:20.598485+00
51548,930682,2026-09-09 12:51:20.598485+00
51549,930683,2026-09-09 12:51:20.598485+00
51551,930685,2026-09-09 12:51:26.881088+00
51552,930686,2026-09-09 12:51:26.881088+00
51556,930690,2026-09-09 12:51:26.881088+00
51557,930691,2026-09-09 12:51:26.881088+00
51558,930692,2026-09-09 12:51:37.973988+00
51560,930694,2026-09-09 12:51:37.973988+00
51561,930695,2026-09-09 12:51:37.973988+00
51563,930697,2026-09-09 12:51:37.973988+00
51564,930698,2026-09-09 12:51:44.739965+00
51565,930699,2026-09-09 12:51:44.739965+00
51566,930700,2026-09-09 12:51:44.739965+00
51568,930702,2026-09-09 12:51:44.739965+00
51569,930703,2026-09-09 12:51:51.008955+00
51571,930705,2026-09-09 12:51:51.008955+00
51572,930706,2026-09-09 12:51:51.008955+00
51573,930707,2026-09-09 12:51:51.008955+00
51575,930709,2026-09-09 12:51:56.942744+00
51577,930711,2026-09-09 12:51:56.942744+00
51579,930713,2026-09-09 12:51:56.942744+00
51580,930714,2026-09-09 12:51:56.942744+00
51581,930715,2026-09-09 12:52:03.419288+00
51583,930717,2026-09-09 12:52:03.419288+00
51584,930718,2026-09-09 12:52:03.419288+00
51585,930719,2026-09-09 12:52:03.419288+00
51586,930720,2026-09-09 12:52:09.750607+00
51587,930721,2026-09-09 12:52:09.750607+00
51589,930723,2026-09-09 12:52:09.750607+00
51590,930724,2026-09-09 12:52:09.750607+00
51593,930727,2026-09-09 12:52:16.461452+00
51595,930729,2026-09-09 12:52:16.461452+00
51596,930730,2026-09-09 12:52:16.461452+00
51597,930731,2026-09-09 12:52:16.461452+00
51598,930732,2026-09-09 12:52:22.935006+00
51599,930733,2026-09-09 12:52:22.935006+00
51600,930734,2026-09-09 12:52:22.935006+00
51603,930737,2026-09-09 12:52:22.935006+00
51604,930738,2026-09-09 12:52:29.249661+00
51605,930739,2026-09-09 12:52:29.249661+00
51606,930740,2026-09-09 12:52:29.249661+00
51607,930741,2026-09-09 12:52:29.249661+00
51608,930742,2026-09-09 12:52:35.347696+00
51610,930744,2026-09-09 12:52:35.347696+00
51612,930746,2026-09-09 12:52:35.347696+00
51614,930748,2026-09-09 12:52:35.347696+00
51615,930749,2026-09-09 12:52:41.103966+00
51616,930750,2026-09-09 12:52:41.103966+00
51618,930752,2026-09-09 12:52:41.103966+00
51619,930753,2026-09-09 12:52:41.103966+00
51621,930755,2026-09-09 12:52:46.893755+00
51622,930756,2026-09-09 12:52:46.893755+00
51623,930757,2026-09-09 12:52:46.893755+00
51626,930760,2026-09-09 12:52:46.893755+00
51627,930761,2026-09-09 12:52:52.781222+00
51629,930763,2026-09-09 12:52:52.781222+00
51630,930764,2026-09-09 12:52:52.781222+00
51632,930766,2026-09-09 12:52:52.781222+00
51633,930767,2026-09-09 12:52:58.667834+00
51638,930772,2026-09-09 12:52:58.667834+00
51639,930773,2026-09-09 12:52:58.667834+00
51642,930776,2026-09-09 12:52:58.667834+00
51643,930777,2026-09-09 12:53:04.702938+00
51644,930778,2026-09-09 12:53:04.702938+00
51648,930782,2026-09-09 12:53:04.702938+00
51649,930783,2026-09-09 12:53:04.702938+00
51655,930790,2026-09-09 12:53:10.256666+00
51672,930807,2026-09-09 12:53:10.256666+00
51678,930813,2026-09-09 12:53:10.256666+00
51679,930814,2026-09-09 12:53:10.256666+00
51681,930816,2026-09-09 12:53:16.001761+00
51682,930817,2026-09-09 12:53:16.001761+00
51684,930819,2026-09-09 12:53:16.001761+00
51686,930821,2026-09-09 12:53:16.001761+00
51688,930823,2026-09-09 12:53:21.92018+00
51692,930827,2026-09-09 12:53:21.92018+00
51693,930828,2026-09-09 12:53:21.92018+00
51694,930829,2026-09-09 12:53:21.92018+00
51695,930830,2026-09-09 12:53:27.715134+00
51696,930831,2026-09-09 12:53:27.715134+00
51697,930832,2026-09-09 12:53:27.715134+00
51698,930833,2026-09-09 12:53:27.715134+00
51700,930835,2026-09-09 12:53:33.371093+00
51702,930837,2026-09-09 12:53:33.371093+00
51703,930838,2026-09-09 12:53:33.371093+00
51706,930841,2026-09-09 12:53:33.371093+00
51707,930842,2026-09-09 12:53:38.977558+00
51708,930843,2026-09-09 12:53:38.977558+00
51711,930846,2026-09-09 12:53:38.977558+00
51712,930847,2026-09-09 12:53:38.977558+00
51714,930849,2026-09-09 12:53:44.668077+00
51715,930850,2026-09-09 12:53:44.668077+00
51716,930851,2026-09-09 12:53:44.668077+00
51717,930852,2026-09-09 12:53:44.668077+00
51718,930853,2026-09-09 12:53:50.669614+00
51719,930854,2026-09-09 12:53:50.669614+00
51720,930855,2026-09-09 12:53:50.669614+00
51721,930856,2026-09-09 12:53:50.669614+00
51724,930859,2026-09-09 12:53:56.714637+00
51726,930861,2026-09-09 12:53:56.714637+00
51727,930862,2026-09-09 12:53:56.714637+00
51728,930863,2026-09-09 12:53:56.714637+00
51729,930864,2026-09-09 12:54:03.047866+00
51734,930869,2026-09-09 12:54:03.047866+00
51735,930870,2026-09-09 12:54:03.047866+00
51738,930873,2026-09-09 12:54:03.047866+00
51739,930874,2026-09-09 12:54:10.029324+00
51741,930876,2026-09-09 12:54:10.029324+00
51742,930877,2026-09-09 12:54:10.029324+00
51745,930880,2026-09-09 12:54:10.029324+00
51747,930882,2026-09-09 12:54:16.395145+00
51750,930885,2026-09-09 12:54:16.395145+00
51756,930891,2026-09-09 12:54:16.395145+00
51759,930894,2026-09-09 12:54:16.395145+00
51764,930899,2026-09-09 12:54:21.941682+00
51765,930900,2026-09-09 12:54:21.941682+00
51767,930902,2026-09-09 12:54:21.941682+00
51768,930903,2026-09-09 12:54:21.941682+00
51769,930904,2026-09-09 12:54:27.719059+00
51771,930906,2026-09-09 12:54:27.719059+00
51773,930908,2026-09-09 12:54:27.719059+00
51775,930910,2026-09-09 12:54:27.719059+00
51776,930911,2026-09-09 12:54:33.439603+00
51779,930914,2026-09-09 12:54:33.439603+00
51780,930915,2026-09-09 12:54:33.439603+00
51781,930916,2026-09-09 12:54:33.439603+00
51783,930918,2026-09-09 12:54:46.307083+00
51788,930923,2026-09-09 12:54:46.307083+00
51789,930924,2026-09-09 12:54:46.307083+00
51790,930925,2026-09-09 12:54:46.307083+00
51791,930926,2026-09-09 12:54:53.797754+00
51795,930930,2026-09-09 12:54:53.797754+00
51797,930932,2026-09-09 12:54:53.797754+00
51800,930935,2026-09-09 12:54:53.797754+00
51801,930936,2026-09-09 12:55:02.695001+00
51803,930938,2026-09-09 12:55:02.695001+00
51805,930940,2026-09-09 12:55:02.695001+00
51806,930941,2026-09-09 12:55:02.695001+00
51816,930951,2026-09-09 12:55:11.455986+00
51820,930955,2026-09-09 12:55:11.455986+00
51831,930966,2026-09-09 12:55:11.455986+00
51832,930967,2026-09-09 12:55:11.455986+00
51833,930968,2026-09-09 12:55:19.999762+00
51839,930974,2026-09-09 12:55:19.999762+00
51845,930980,2026-09-09 12:55:19.999762+00
51846,930981,2026-09-09 12:55:19.999762+00
51847,930982,2026-09-09 12:55:26.831793+00
51849,930984,2026-09-09 12:55:26.831793+00
51856,930991,2026-09-09 12:55:26.831793+00
51863,930998,2026-09-09 12:55:26.831793+00
51869,931004,2026-09-09 12:55:35.040256+00
51870,931005,2026-09-09 12:55:35.040256+00
51879,931014,2026-09-09 12:55:35.040256+00
51884,931019,2026-09-09 12:55:35.040256+00
51886,931021,2026-09-09 12:55:43.47731+00
51887,931022,2026-09-09 12:55:43.47731+00
51892,931027,2026-09-09 12:55:43.47731+00
51896,931031,2026-09-09 12:55:43.47731+00
51909,931044,2026-09-09 12:55:52.558835+00
51920,931055,2026-09-09 12:55:52.558835+00
51927,931062,2026-09-09 12:55:52.558835+00
51931,931066,2026-09-09 12:55:52.558835+00
